case,architecture_id,reference,paired_difference,ci95_lower,ci95_upper
baseline,A0_GROUND_ONLY,A0_GROUND_ONLY,0.0,0.0,0.0
baseline,A1_COMPRESSED_FULL,A0_GROUND_ONLY,0.0,0.0,0.0
baseline,A2_QUICKLOOK_FIRST,A0_GROUND_ONLY,0.0,0.0,0.0
baseline,A3_ROI_FIRST,A0_GROUND_ONLY,0.4583333333333333,0.25,0.6666666666666666
baseline,A4_PROGRESSIVE,A0_GROUND_ONLY,0.4583333333333333,0.25,0.6666666666666666
baseline,A5_CONTACT_AWARE,A0_GROUND_ONLY,0.0,0.0,0.0
baseline,A6_THREAD_AWARE_PRIORITY,A0_GROUND_ONLY,0.4583333333333333,0.25,0.6666666666666666
tasking_delay_s,A0_GROUND_ONLY,A0_GROUND_ONLY,0.0,0.0,0.0
tasking_delay_s,A1_COMPRESSED_FULL,A0_GROUND_ONLY,0.0,0.0,0.0
tasking_delay_s,A2_QUICKLOOK_FIRST,A0_GROUND_ONLY,0.0,0.0,0.0
tasking_delay_s,A3_ROI_FIRST,A0_GROUND_ONLY,0.4583333333333333,0.25,0.6666666666666666
tasking_delay_s,A4_PROGRESSIVE,A0_GROUND_ONLY,0.4583333333333333,0.25,0.6666666666666666
tasking_delay_s,A5_CONTACT_AWARE,A0_GROUND_ONLY,0.0,0.0,0.0
tasking_delay_s,A6_THREAD_AWARE_PRIORITY,A0_GROUND_ONLY,0.4583333333333333,0.25,0.6666666666666666
interference_derate,A0_GROUND_ONLY,A0_GROUND_ONLY,0.0,0.0,0.0
interference_derate,A1_COMPRESSED_FULL,A0_GROUND_ONLY,0.0,0.0,0.0
interference_derate,A2_QUICKLOOK_FIRST,A0_GROUND_ONLY,0.0,0.0,0.0
interference_derate,A3_ROI_FIRST,A0_GROUND_ONLY,0.3333333333333333,0.16666666666666666,0.5
interference_derate,A4_PROGRESSIVE,A0_GROUND_ONLY,0.16666666666666666,0.041666666666666664,0.3333333333333333
interference_derate,A5_CONTACT_AWARE,A0_GROUND_ONLY,0.0,0.0,0.0
interference_derate,A6_THREAD_AWARE_PRIORITY,A0_GROUND_ONLY,0.3333333333333333,0.16666666666666666,0.5
contact_denial_frac,A0_GROUND_ONLY,A0_GROUND_ONLY,0.0,0.0,0.0
contact_denial_frac,A1_COMPRESSED_FULL,A0_GROUND_ONLY,0.0,0.0,0.0
contact_denial_frac,A2_QUICKLOOK_FIRST,A0_GROUND_ONLY,0.0,0.0,0.0
contact_denial_frac,A3_ROI_FIRST,A0_GROUND_ONLY,0.3333333333333333,0.16666666666666666,0.5416666666666666
contact_denial_frac,A4_PROGRESSIVE,A0_GROUND_ONLY,0.3333333333333333,0.16666666666666666,0.5416666666666666
contact_denial_frac,A5_CONTACT_AWARE,A0_GROUND_ONLY,0.0,0.0,0.0
contact_denial_frac,A6_THREAD_AWARE_PRIORITY,A0_GROUND_ONLY,0.3333333333333333,0.16666666666666666,0.5416666666666666
rate_0.5x,A0_GROUND_ONLY,A0_GROUND_ONLY,0.0,0.0,0.0
rate_0.5x,A1_COMPRESSED_FULL,A0_GROUND_ONLY,0.0,0.0,0.0
rate_0.5x,A2_QUICKLOOK_FIRST,A0_GROUND_ONLY,0.0,0.0,0.0
rate_0.5x,A3_ROI_FIRST,A0_GROUND_ONLY,0.3333333333333333,0.16666666666666666,0.5
rate_0.5x,A4_PROGRESSIVE,A0_GROUND_ONLY,0.16666666666666666,0.041666666666666664,0.3333333333333333
rate_0.5x,A5_CONTACT_AWARE,A0_GROUND_ONLY,0.0,0.0,0.0
rate_0.5x,A6_THREAD_AWARE_PRIORITY,A0_GROUND_ONLY,0.3333333333333333,0.16666666666666666,0.5
processing_0.5x,A0_GROUND_ONLY,A0_GROUND_ONLY,0.0,0.0,0.0
processing_0.5x,A1_COMPRESSED_FULL,A0_GROUND_ONLY,0.0,0.0,0.0
processing_0.5x,A2_QUICKLOOK_FIRST,A0_GROUND_ONLY,0.0,0.0,0.0
processing_0.5x,A3_ROI_FIRST,A0_GROUND_ONLY,0.5833333333333334,0.375,0.7916666666666666
processing_0.5x,A4_PROGRESSIVE,A0_GROUND_ONLY,0.4583333333333333,0.25,0.6666666666666666
processing_0.5x,A5_CONTACT_AWARE,A0_GROUND_ONLY,0.0,0.0,0.0
processing_0.5x,A6_THREAD_AWARE_PRIORITY,A0_GROUND_ONLY,0.4583333333333333,0.25,0.6666666666666666
rate_2x,A0_GROUND_ONLY,A0_GROUND_ONLY,0.0,0.0,0.0
rate_2x,A1_COMPRESSED_FULL,A0_GROUND_ONLY,0.16666666666666666,0.041666666666666664,0.3333333333333333
rate_2x,A2_QUICKLOOK_FIRST,A0_GROUND_ONLY,0.0,0.0,0.0
rate_2x,A3_ROI_FIRST,A0_GROUND_ONLY,0.5833333333333334,0.375,0.7916666666666666
rate_2x,A4_PROGRESSIVE,A0_GROUND_ONLY,0.5833333333333334,0.375,0.7916666666666666
rate_2x,A5_CONTACT_AWARE,A0_GROUND_ONLY,0.16666666666666666,0.041666666666666664,0.3333333333333333
rate_2x,A6_THREAD_AWARE_PRIORITY,A0_GROUND_ONLY,0.5833333333333334,0.375,0.7916666666666666
processing_2x,A0_GROUND_ONLY,A0_GROUND_ONLY,0.0,0.0,0.0
processing_2x,A1_COMPRESSED_FULL,A0_GROUND_ONLY,0.0,0.0,0.0
processing_2x,A2_QUICKLOOK_FIRST,A0_GROUND_ONLY,0.0,0.0,0.0
processing_2x,A3_ROI_FIRST,A0_GROUND_ONLY,0.4583333333333333,0.25,0.6666666666666666
processing_2x,A4_PROGRESSIVE,A0_GROUND_ONLY,0.375,0.20833333333333334,0.5833333333333334
processing_2x,A5_CONTACT_AWARE,A0_GROUND_ONLY,0.0,0.0,0.0
processing_2x,A6_THREAD_AWARE_PRIORITY,A0_GROUND_ONLY,0.4583333333333333,0.25,0.6666666666666666
sampling_5s,A0_GROUND_ONLY,A0_GROUND_ONLY,0.0,0.0,0.0
sampling_5s,A1_COMPRESSED_FULL,A0_GROUND_ONLY,0.0,0.0,0.0
sampling_5s,A2_QUICKLOOK_FIRST,A0_GROUND_ONLY,0.0,0.0,0.0
sampling_5s,A3_ROI_FIRST,A0_GROUND_ONLY,0.5833333333333334,0.375,0.7916666666666666
sampling_5s,A4_PROGRESSIVE,A0_GROUND_ONLY,0.5,0.2916666666666667,0.7083333333333334
sampling_5s,A5_CONTACT_AWARE,A0_GROUND_ONLY,0.0,0.0,0.0
sampling_5s,A6_THREAD_AWARE_PRIORITY,A0_GROUND_ONLY,0.5833333333333334,0.375,0.7916666666666666
next_day,A0_GROUND_ONLY,A0_GROUND_ONLY,0.0,0.0,0.0
next_day,A1_COMPRESSED_FULL,A0_GROUND_ONLY,0.0,0.0,0.0
next_day,A2_QUICKLOOK_FIRST,A0_GROUND_ONLY,0.0,0.0,0.0
next_day,A3_ROI_FIRST,A0_GROUND_ONLY,0.4583333333333333,0.25,0.6666666666666666
next_day,A4_PROGRESSIVE,A0_GROUND_ONLY,0.4583333333333333,0.25,0.6666666666666666
next_day,A5_CONTACT_AWARE,A0_GROUND_ONLY,0.0,0.0,0.0
next_day,A6_THREAD_AWARE_PRIORITY,A0_GROUND_ONLY,0.4583333333333333,0.25,0.6666666666666666
aoi_shift_1deg,A0_GROUND_ONLY,A0_GROUND_ONLY,0.0,0.0,0.0
aoi_shift_1deg,A1_COMPRESSED_FULL,A0_GROUND_ONLY,0.0,0.0,0.0
aoi_shift_1deg,A2_QUICKLOOK_FIRST,A0_GROUND_ONLY,0.0,0.0,0.0
aoi_shift_1deg,A3_ROI_FIRST,A0_GROUND_ONLY,0.4583333333333333,0.25,0.6666666666666666
aoi_shift_1deg,A4_PROGRESSIVE,A0_GROUND_ONLY,0.4166666666666667,0.20833333333333334,0.625
aoi_shift_1deg,A5_CONTACT_AWARE,A0_GROUND_ONLY,0.0,0.0,0.0
aoi_shift_1deg,A6_THREAD_AWARE_PRIORITY,A0_GROUND_ONLY,0.4583333333333333,0.25,0.6666666666666666
