case,architecture_id,n_trials,successes,success_rate,ci95_lower,ci95_upper,classification_changes_from_baseline
baseline,A0_GROUND_ONLY,24,0,0.0,0.0,0.13798057582897535,0
baseline,A1_COMPRESSED_FULL,24,0,0.0,0.0,0.13798057582897535,0
baseline,A2_QUICKLOOK_FIRST,24,0,0.0,0.0,0.13798057582897535,0
baseline,A3_ROI_FIRST,24,11,0.4583333333333333,0.2789105835168143,0.6492544644689336,0
baseline,A4_PROGRESSIVE,24,11,0.4583333333333333,0.2789105835168143,0.6492544644689336,0
baseline,A5_CONTACT_AWARE,24,0,0.0,0.0,0.13798057582897535,0
baseline,A6_THREAD_AWARE_PRIORITY,24,11,0.4583333333333333,0.2789105835168143,0.6492544644689336,0
tasking_delay_s,A0_GROUND_ONLY,24,0,0.0,0.0,0.13798057582897535,0
tasking_delay_s,A1_COMPRESSED_FULL,24,0,0.0,0.0,0.13798057582897535,0
tasking_delay_s,A2_QUICKLOOK_FIRST,24,0,0.0,0.0,0.13798057582897535,0
tasking_delay_s,A3_ROI_FIRST,24,11,0.4583333333333333,0.2789105835168143,0.6492544644689336,2
tasking_delay_s,A4_PROGRESSIVE,24,11,0.4583333333333333,0.2789105835168143,0.6492544644689336,2
tasking_delay_s,A5_CONTACT_AWARE,24,0,0.0,0.0,0.13798057582897535,0
tasking_delay_s,A6_THREAD_AWARE_PRIORITY,24,11,0.4583333333333333,0.2789105835168143,0.6492544644689336,2
interference_derate,A0_GROUND_ONLY,24,0,0.0,0.0,0.13798057582897535,0
interference_derate,A1_COMPRESSED_FULL,24,0,0.0,0.0,0.13798057582897535,0
interference_derate,A2_QUICKLOOK_FIRST,24,0,0.0,0.0,0.13798057582897535,0
interference_derate,A3_ROI_FIRST,24,8,0.3333333333333333,0.17971978688379642,0.5329404050591954,3
interference_derate,A4_PROGRESSIVE,24,4,0.16666666666666666,0.06678568000728924,0.3585347038786943,7
interference_derate,A5_CONTACT_AWARE,24,0,0.0,0.0,0.13798057582897535,0
interference_derate,A6_THREAD_AWARE_PRIORITY,24,8,0.3333333333333333,0.17971978688379642,0.5329404050591954,3
contact_denial_frac,A0_GROUND_ONLY,24,0,0.0,0.0,0.13798057582897535,0
contact_denial_frac,A1_COMPRESSED_FULL,24,0,0.0,0.0,0.13798057582897535,0
contact_denial_frac,A2_QUICKLOOK_FIRST,24,0,0.0,0.0,0.13798057582897535,0
contact_denial_frac,A3_ROI_FIRST,24,8,0.3333333333333333,0.17971978688379642,0.5329404050591954,3
contact_denial_frac,A4_PROGRESSIVE,24,8,0.3333333333333333,0.17971978688379642,0.5329404050591954,3
contact_denial_frac,A5_CONTACT_AWARE,24,0,0.0,0.0,0.13798057582897535,0
contact_denial_frac,A6_THREAD_AWARE_PRIORITY,24,8,0.3333333333333333,0.17971978688379642,0.5329404050591954,3
rate_0.5x,A0_GROUND_ONLY,24,0,0.0,0.0,0.13798057582897535,0
rate_0.5x,A1_COMPRESSED_FULL,24,0,0.0,0.0,0.13798057582897535,0
rate_0.5x,A2_QUICKLOOK_FIRST,24,0,0.0,0.0,0.13798057582897535,0
rate_0.5x,A3_ROI_FIRST,24,8,0.3333333333333333,0.17971978688379642,0.5329404050591954,3
rate_0.5x,A4_PROGRESSIVE,24,4,0.16666666666666666,0.06678568000728924,0.3585347038786943,7
rate_0.5x,A5_CONTACT_AWARE,24,0,0.0,0.0,0.13798057582897535,0
rate_0.5x,A6_THREAD_AWARE_PRIORITY,24,8,0.3333333333333333,0.17971978688379642,0.5329404050591954,3
processing_0.5x,A0_GROUND_ONLY,24,0,0.0,0.0,0.13798057582897535,0
processing_0.5x,A1_COMPRESSED_FULL,24,0,0.0,0.0,0.13798057582897535,0
processing_0.5x,A2_QUICKLOOK_FIRST,24,0,0.0,0.0,0.13798057582897535,0
processing_0.5x,A3_ROI_FIRST,24,14,0.5833333333333334,0.3883433764938864,0.7553265275346177,3
processing_0.5x,A4_PROGRESSIVE,24,11,0.4583333333333333,0.2789105835168143,0.6492544644689336,0
processing_0.5x,A5_CONTACT_AWARE,24,0,0.0,0.0,0.13798057582897535,0
processing_0.5x,A6_THREAD_AWARE_PRIORITY,24,11,0.4583333333333333,0.2789105835168143,0.6492544644689336,0
rate_2x,A0_GROUND_ONLY,24,0,0.0,0.0,0.13798057582897535,0
rate_2x,A1_COMPRESSED_FULL,24,4,0.16666666666666666,0.06678568000728924,0.3585347038786943,4
rate_2x,A2_QUICKLOOK_FIRST,24,0,0.0,0.0,0.13798057582897535,0
rate_2x,A3_ROI_FIRST,24,14,0.5833333333333334,0.3883433764938864,0.7553265275346177,3
rate_2x,A4_PROGRESSIVE,24,14,0.5833333333333334,0.3883433764938864,0.7553265275346177,3
rate_2x,A5_CONTACT_AWARE,24,4,0.16666666666666666,0.06678568000728924,0.3585347038786943,4
rate_2x,A6_THREAD_AWARE_PRIORITY,24,14,0.5833333333333334,0.3883433764938864,0.7553265275346177,3
processing_2x,A0_GROUND_ONLY,24,0,0.0,0.0,0.13798057582897535,0
processing_2x,A1_COMPRESSED_FULL,24,0,0.0,0.0,0.13798057582897535,0
processing_2x,A2_QUICKLOOK_FIRST,24,0,0.0,0.0,0.13798057582897535,0
processing_2x,A3_ROI_FIRST,24,11,0.4583333333333333,0.2789105835168143,0.6492544644689336,0
processing_2x,A4_PROGRESSIVE,24,9,0.375,0.21159133433631458,0.5729038096209293,2
processing_2x,A5_CONTACT_AWARE,24,0,0.0,0.0,0.13798057582897535,0
processing_2x,A6_THREAD_AWARE_PRIORITY,24,11,0.4583333333333333,0.2789105835168143,0.6492544644689336,0
sampling_5s,A0_GROUND_ONLY,24,0,0.0,0.0,0.13798057582897535,0
sampling_5s,A1_COMPRESSED_FULL,24,0,0.0,0.0,0.13798057582897535,0
sampling_5s,A2_QUICKLOOK_FIRST,24,0,0.0,0.0,0.13798057582897535,0
sampling_5s,A3_ROI_FIRST,24,14,0.5833333333333334,0.3883433764938864,0.7553265275346177,3
sampling_5s,A4_PROGRESSIVE,24,12,0.5,0.31427131627763083,0.6857286837223692,1
sampling_5s,A5_CONTACT_AWARE,24,0,0.0,0.0,0.13798057582897535,0
sampling_5s,A6_THREAD_AWARE_PRIORITY,24,14,0.5833333333333334,0.3883433764938864,0.7553265275346177,3
next_day,A0_GROUND_ONLY,24,0,0.0,0.0,0.13798057582897535,0
next_day,A1_COMPRESSED_FULL,24,0,0.0,0.0,0.13798057582897535,0
next_day,A2_QUICKLOOK_FIRST,24,0,0.0,0.0,0.13798057582897535,0
next_day,A3_ROI_FIRST,24,11,0.4583333333333333,0.2789105835168143,0.6492544644689336,4
next_day,A4_PROGRESSIVE,24,11,0.4583333333333333,0.2789105835168143,0.6492544644689336,4
next_day,A5_CONTACT_AWARE,24,0,0.0,0.0,0.13798057582897535,0
next_day,A6_THREAD_AWARE_PRIORITY,24,11,0.4583333333333333,0.2789105835168143,0.6492544644689336,4
aoi_shift_1deg,A0_GROUND_ONLY,24,0,0.0,0.0,0.13798057582897535,0
aoi_shift_1deg,A1_COMPRESSED_FULL,24,0,0.0,0.0,0.13798057582897535,0
aoi_shift_1deg,A2_QUICKLOOK_FIRST,24,0,0.0,0.0,0.13798057582897535,0
aoi_shift_1deg,A3_ROI_FIRST,24,11,0.4583333333333333,0.2789105835168143,0.6492544644689336,0
aoi_shift_1deg,A4_PROGRESSIVE,24,10,0.4166666666666667,0.24467347246538232,0.6116566235061137,1
aoi_shift_1deg,A5_CONTACT_AWARE,24,0,0.0,0.0,0.13798057582897535,0
aoi_shift_1deg,A6_THREAD_AWARE_PRIORITY,24,11,0.4583333333333333,0.2789105835168143,0.6492544644689336,0
