walker,terminal_sites,terminal_class,condition,thread,architecture_id,mode,n_trials,successes,success_rate,ci95_lower,ci95_upper,no_usable_product_by_horizon,no_collection
1/1/0,1,DISMOUNTED_MANPACK,COMBINED_DEGRADED,MT1_TIME_SENSITIVE_CUEING,A0_GROUND_ONLY,single_request,24,0,0.0,0.0,0.13798057582897535,24,3
1/1/0,1,DISMOUNTED_MANPACK,COMBINED_DEGRADED,MT1_TIME_SENSITIVE_CUEING,A1_COMPRESSED_FULL,single_request,24,0,0.0,0.0,0.13798057582897535,14,3
1/1/0,1,DISMOUNTED_MANPACK,COMBINED_DEGRADED,MT1_TIME_SENSITIVE_CUEING,A2_QUICKLOOK_FIRST,single_request,24,0,0.0,0.0,0.13798057582897535,4,3
1/1/0,1,DISMOUNTED_MANPACK,COMBINED_DEGRADED,MT1_TIME_SENSITIVE_CUEING,A3_ROI_FIRST,single_request,24,0,0.0,0.0,0.13798057582897535,24,3
1/1/0,1,DISMOUNTED_MANPACK,COMBINED_DEGRADED,MT1_TIME_SENSITIVE_CUEING,A4_PROGRESSIVE,single_request,24,0,0.0,0.0,0.13798057582897535,4,3
1/1/0,1,DISMOUNTED_MANPACK,COMBINED_DEGRADED,MT1_TIME_SENSITIVE_CUEING,A5_CONTACT_AWARE,single_request,24,0,0.0,0.0,0.13798057582897535,24,3
1/1/0,1,DISMOUNTED_MANPACK,COMBINED_DEGRADED,MT1_TIME_SENSITIVE_CUEING,A6_THREAD_AWARE_PRIORITY,single_request,24,0,0.0,0.0,0.13798057582897535,4,3
1/1/0,1,DISMOUNTED_MANPACK,COMBINED_DEGRADED,MT2_ROUTE_RECON_FIRST,A0_GROUND_ONLY,single_request,24,0,0.0,0.0,0.13798057582897535,24,4
1/1/0,1,DISMOUNTED_MANPACK,COMBINED_DEGRADED,MT2_ROUTE_RECON_FIRST,A1_COMPRESSED_FULL,single_request,24,0,0.0,0.0,0.13798057582897535,15,4
1/1/0,1,DISMOUNTED_MANPACK,COMBINED_DEGRADED,MT2_ROUTE_RECON_FIRST,A2_QUICKLOOK_FIRST,single_request,24,0,0.0,0.0,0.13798057582897535,24,4
1/1/0,1,DISMOUNTED_MANPACK,COMBINED_DEGRADED,MT2_ROUTE_RECON_FIRST,A3_ROI_FIRST,single_request,24,0,0.0,0.0,0.13798057582897535,9,4
1/1/0,1,DISMOUNTED_MANPACK,COMBINED_DEGRADED,MT2_ROUTE_RECON_FIRST,A4_PROGRESSIVE,single_request,24,0,0.0,0.0,0.13798057582897535,9,4
1/1/0,1,DISMOUNTED_MANPACK,COMBINED_DEGRADED,MT2_ROUTE_RECON_FIRST,A5_CONTACT_AWARE,single_request,24,0,0.0,0.0,0.13798057582897535,24,4
1/1/0,1,DISMOUNTED_MANPACK,COMBINED_DEGRADED,MT2_ROUTE_RECON_FIRST,A6_THREAD_AWARE_PRIORITY,single_request,24,0,0.0,0.0,0.13798057582897535,9,4
1/1/0,1,DISMOUNTED_MANPACK,COMBINED_DEGRADED,MT3_BATTLE_DAMAGE_ASSESSMENT,A0_GROUND_ONLY,single_request,24,0,0.0,0.0,0.13798057582897535,24,4
1/1/0,1,DISMOUNTED_MANPACK,COMBINED_DEGRADED,MT3_BATTLE_DAMAGE_ASSESSMENT,A1_COMPRESSED_FULL,single_request,24,0,0.0,0.0,0.13798057582897535,15,4
1/1/0,1,DISMOUNTED_MANPACK,COMBINED_DEGRADED,MT3_BATTLE_DAMAGE_ASSESSMENT,A2_QUICKLOOK_FIRST,single_request,24,0,0.0,0.0,0.13798057582897535,24,4
1/1/0,1,DISMOUNTED_MANPACK,COMBINED_DEGRADED,MT3_BATTLE_DAMAGE_ASSESSMENT,A3_ROI_FIRST,single_request,24,1,0.041666666666666664,0.007393265354805126,0.20242226248842232,8,4
1/1/0,1,DISMOUNTED_MANPACK,COMBINED_DEGRADED,MT3_BATTLE_DAMAGE_ASSESSMENT,A4_PROGRESSIVE,single_request,24,1,0.041666666666666664,0.007393265354805126,0.20242226248842232,8,4
1/1/0,1,DISMOUNTED_MANPACK,COMBINED_DEGRADED,MT3_BATTLE_DAMAGE_ASSESSMENT,A5_CONTACT_AWARE,single_request,24,0,0.0,0.0,0.13798057582897535,24,4
1/1/0,1,DISMOUNTED_MANPACK,COMBINED_DEGRADED,MT3_BATTLE_DAMAGE_ASSESSMENT,A6_THREAD_AWARE_PRIORITY,single_request,24,1,0.041666666666666664,0.007393265354805126,0.20242226248842232,8,4
1/1/0,1,DISMOUNTED_MANPACK,COMBINED_DEGRADED,MT4_PERSISTENT_MONITORING,A0_GROUND_ONLY,independent_opportunities,6,0,0.0,0.0,0.3903430336530645,,
1/1/0,1,DISMOUNTED_MANPACK,COMBINED_DEGRADED,MT4_PERSISTENT_MONITORING,A1_COMPRESSED_FULL,independent_opportunities,6,0,0.0,0.0,0.3903430336530645,,
1/1/0,1,DISMOUNTED_MANPACK,COMBINED_DEGRADED,MT4_PERSISTENT_MONITORING,A2_QUICKLOOK_FIRST,independent_opportunities,6,0,0.0,0.0,0.3903430336530645,,
1/1/0,1,DISMOUNTED_MANPACK,COMBINED_DEGRADED,MT4_PERSISTENT_MONITORING,A3_ROI_FIRST,independent_opportunities,6,0,0.0,0.0,0.3903430336530645,,
1/1/0,1,DISMOUNTED_MANPACK,COMBINED_DEGRADED,MT4_PERSISTENT_MONITORING,A4_PROGRESSIVE,independent_opportunities,6,3,0.5,0.18761280689940868,0.8123871931005913,,
1/1/0,1,DISMOUNTED_MANPACK,COMBINED_DEGRADED,MT4_PERSISTENT_MONITORING,A5_CONTACT_AWARE,independent_opportunities,6,0,0.0,0.0,0.3903430336530645,,
1/1/0,1,DISMOUNTED_MANPACK,COMBINED_DEGRADED,MT4_PERSISTENT_MONITORING,A6_THREAD_AWARE_PRIORITY,independent_opportunities,6,3,0.5,0.18761280689940868,0.8123871931005913,,
1/1/0,1,DISMOUNTED_MANPACK,NOMINAL,MT1_TIME_SENSITIVE_CUEING,A0_GROUND_ONLY,single_request,24,0,0.0,0.0,0.13798057582897535,20,6
1/1/0,1,DISMOUNTED_MANPACK,NOMINAL,MT1_TIME_SENSITIVE_CUEING,A1_COMPRESSED_FULL,single_request,24,0,0.0,0.0,0.13798057582897535,13,6
1/1/0,1,DISMOUNTED_MANPACK,NOMINAL,MT1_TIME_SENSITIVE_CUEING,A2_QUICKLOOK_FIRST,single_request,24,0,0.0,0.0,0.13798057582897535,6,6
1/1/0,1,DISMOUNTED_MANPACK,NOMINAL,MT1_TIME_SENSITIVE_CUEING,A3_ROI_FIRST,single_request,24,0,0.0,0.0,0.13798057582897535,20,6
1/1/0,1,DISMOUNTED_MANPACK,NOMINAL,MT1_TIME_SENSITIVE_CUEING,A4_PROGRESSIVE,single_request,24,0,0.0,0.0,0.13798057582897535,6,6
1/1/0,1,DISMOUNTED_MANPACK,NOMINAL,MT1_TIME_SENSITIVE_CUEING,A5_CONTACT_AWARE,single_request,24,0,0.0,0.0,0.13798057582897535,20,6
1/1/0,1,DISMOUNTED_MANPACK,NOMINAL,MT1_TIME_SENSITIVE_CUEING,A6_THREAD_AWARE_PRIORITY,single_request,24,0,0.0,0.0,0.13798057582897535,6,6
1/1/0,1,DISMOUNTED_MANPACK,NOMINAL,MT2_ROUTE_RECON_FIRST,A0_GROUND_ONLY,single_request,24,0,0.0,0.0,0.13798057582897535,14,2
1/1/0,1,DISMOUNTED_MANPACK,NOMINAL,MT2_ROUTE_RECON_FIRST,A1_COMPRESSED_FULL,single_request,24,0,0.0,0.0,0.13798057582897535,8,2
1/1/0,1,DISMOUNTED_MANPACK,NOMINAL,MT2_ROUTE_RECON_FIRST,A2_QUICKLOOK_FIRST,single_request,24,0,0.0,0.0,0.13798057582897535,14,2
1/1/0,1,DISMOUNTED_MANPACK,NOMINAL,MT2_ROUTE_RECON_FIRST,A3_ROI_FIRST,single_request,24,0,0.0,0.0,0.13798057582897535,2,2
1/1/0,1,DISMOUNTED_MANPACK,NOMINAL,MT2_ROUTE_RECON_FIRST,A4_PROGRESSIVE,single_request,24,0,0.0,0.0,0.13798057582897535,2,2
1/1/0,1,DISMOUNTED_MANPACK,NOMINAL,MT2_ROUTE_RECON_FIRST,A5_CONTACT_AWARE,single_request,24,0,0.0,0.0,0.13798057582897535,14,2
1/1/0,1,DISMOUNTED_MANPACK,NOMINAL,MT2_ROUTE_RECON_FIRST,A6_THREAD_AWARE_PRIORITY,single_request,24,0,0.0,0.0,0.13798057582897535,2,2
1/1/0,1,DISMOUNTED_MANPACK,NOMINAL,MT3_BATTLE_DAMAGE_ASSESSMENT,A0_GROUND_ONLY,single_request,24,0,0.0,0.0,0.13798057582897535,15,3
1/1/0,1,DISMOUNTED_MANPACK,NOMINAL,MT3_BATTLE_DAMAGE_ASSESSMENT,A1_COMPRESSED_FULL,single_request,24,0,0.0,0.0,0.13798057582897535,8,3
1/1/0,1,DISMOUNTED_MANPACK,NOMINAL,MT3_BATTLE_DAMAGE_ASSESSMENT,A2_QUICKLOOK_FIRST,single_request,24,0,0.0,0.0,0.13798057582897535,15,3
1/1/0,1,DISMOUNTED_MANPACK,NOMINAL,MT3_BATTLE_DAMAGE_ASSESSMENT,A3_ROI_FIRST,single_request,24,0,0.0,0.0,0.13798057582897535,3,3
1/1/0,1,DISMOUNTED_MANPACK,NOMINAL,MT3_BATTLE_DAMAGE_ASSESSMENT,A4_PROGRESSIVE,single_request,24,0,0.0,0.0,0.13798057582897535,4,3
1/1/0,1,DISMOUNTED_MANPACK,NOMINAL,MT3_BATTLE_DAMAGE_ASSESSMENT,A5_CONTACT_AWARE,single_request,24,0,0.0,0.0,0.13798057582897535,15,3
1/1/0,1,DISMOUNTED_MANPACK,NOMINAL,MT3_BATTLE_DAMAGE_ASSESSMENT,A6_THREAD_AWARE_PRIORITY,single_request,24,0,0.0,0.0,0.13798057582897535,3,3
1/1/0,1,DISMOUNTED_MANPACK,NOMINAL,MT4_PERSISTENT_MONITORING,A0_GROUND_ONLY,independent_opportunities,1,0,0.0,,,,
1/1/0,1,DISMOUNTED_MANPACK,NOMINAL,MT4_PERSISTENT_MONITORING,A1_COMPRESSED_FULL,independent_opportunities,1,0,0.0,,,,
1/1/0,1,DISMOUNTED_MANPACK,NOMINAL,MT4_PERSISTENT_MONITORING,A2_QUICKLOOK_FIRST,independent_opportunities,1,0,0.0,,,,
1/1/0,1,DISMOUNTED_MANPACK,NOMINAL,MT4_PERSISTENT_MONITORING,A3_ROI_FIRST,independent_opportunities,1,0,0.0,,,,
1/1/0,1,DISMOUNTED_MANPACK,NOMINAL,MT4_PERSISTENT_MONITORING,A4_PROGRESSIVE,independent_opportunities,1,1,1.0,,,,
1/1/0,1,DISMOUNTED_MANPACK,NOMINAL,MT4_PERSISTENT_MONITORING,A5_CONTACT_AWARE,independent_opportunities,1,0,0.0,,,,
1/1/0,1,DISMOUNTED_MANPACK,NOMINAL,MT4_PERSISTENT_MONITORING,A6_THREAD_AWARE_PRIORITY,independent_opportunities,1,1,1.0,,,,
1/1/0,1,VEHICLE_MOUNTED,COMBINED_DEGRADED,MT1_TIME_SENSITIVE_CUEING,A0_GROUND_ONLY,single_request,24,0,0.0,0.0,0.13798057582897535,10,5
1/1/0,1,VEHICLE_MOUNTED,COMBINED_DEGRADED,MT1_TIME_SENSITIVE_CUEING,A1_COMPRESSED_FULL,single_request,24,0,0.0,0.0,0.13798057582897535,5,5
1/1/0,1,VEHICLE_MOUNTED,COMBINED_DEGRADED,MT1_TIME_SENSITIVE_CUEING,A2_QUICKLOOK_FIRST,single_request,24,0,0.0,0.0,0.13798057582897535,5,5
1/1/0,1,VEHICLE_MOUNTED,COMBINED_DEGRADED,MT1_TIME_SENSITIVE_CUEING,A3_ROI_FIRST,single_request,24,0,0.0,0.0,0.13798057582897535,11,5
1/1/0,1,VEHICLE_MOUNTED,COMBINED_DEGRADED,MT1_TIME_SENSITIVE_CUEING,A4_PROGRESSIVE,single_request,24,0,0.0,0.0,0.13798057582897535,5,5
1/1/0,1,VEHICLE_MOUNTED,COMBINED_DEGRADED,MT1_TIME_SENSITIVE_CUEING,A5_CONTACT_AWARE,single_request,24,0,0.0,0.0,0.13798057582897535,5,5
1/1/0,1,VEHICLE_MOUNTED,COMBINED_DEGRADED,MT1_TIME_SENSITIVE_CUEING,A6_THREAD_AWARE_PRIORITY,single_request,24,0,0.0,0.0,0.13798057582897535,5,5
1/1/0,1,VEHICLE_MOUNTED,COMBINED_DEGRADED,MT2_ROUTE_RECON_FIRST,A0_GROUND_ONLY,single_request,24,0,0.0,0.0,0.13798057582897535,9,3
1/1/0,1,VEHICLE_MOUNTED,COMBINED_DEGRADED,MT2_ROUTE_RECON_FIRST,A1_COMPRESSED_FULL,single_request,24,0,0.0,0.0,0.13798057582897535,5,3
1/1/0,1,VEHICLE_MOUNTED,COMBINED_DEGRADED,MT2_ROUTE_RECON_FIRST,A2_QUICKLOOK_FIRST,single_request,24,0,0.0,0.0,0.13798057582897535,9,3
1/1/0,1,VEHICLE_MOUNTED,COMBINED_DEGRADED,MT2_ROUTE_RECON_FIRST,A3_ROI_FIRST,single_request,24,0,0.0,0.0,0.13798057582897535,5,3
1/1/0,1,VEHICLE_MOUNTED,COMBINED_DEGRADED,MT2_ROUTE_RECON_FIRST,A4_PROGRESSIVE,single_request,24,0,0.0,0.0,0.13798057582897535,5,3
1/1/0,1,VEHICLE_MOUNTED,COMBINED_DEGRADED,MT2_ROUTE_RECON_FIRST,A5_CONTACT_AWARE,single_request,24,0,0.0,0.0,0.13798057582897535,5,3
1/1/0,1,VEHICLE_MOUNTED,COMBINED_DEGRADED,MT2_ROUTE_RECON_FIRST,A6_THREAD_AWARE_PRIORITY,single_request,24,0,0.0,0.0,0.13798057582897535,5,3
1/1/0,1,VEHICLE_MOUNTED,COMBINED_DEGRADED,MT3_BATTLE_DAMAGE_ASSESSMENT,A0_GROUND_ONLY,single_request,24,0,0.0,0.0,0.13798057582897535,8,4
1/1/0,1,VEHICLE_MOUNTED,COMBINED_DEGRADED,MT3_BATTLE_DAMAGE_ASSESSMENT,A1_COMPRESSED_FULL,single_request,24,0,0.0,0.0,0.13798057582897535,4,4
1/1/0,1,VEHICLE_MOUNTED,COMBINED_DEGRADED,MT3_BATTLE_DAMAGE_ASSESSMENT,A2_QUICKLOOK_FIRST,single_request,24,0,0.0,0.0,0.13798057582897535,8,4
1/1/0,1,VEHICLE_MOUNTED,COMBINED_DEGRADED,MT3_BATTLE_DAMAGE_ASSESSMENT,A3_ROI_FIRST,single_request,24,0,0.0,0.0,0.13798057582897535,4,4
1/1/0,1,VEHICLE_MOUNTED,COMBINED_DEGRADED,MT3_BATTLE_DAMAGE_ASSESSMENT,A4_PROGRESSIVE,single_request,24,0,0.0,0.0,0.13798057582897535,4,4
1/1/0,1,VEHICLE_MOUNTED,COMBINED_DEGRADED,MT3_BATTLE_DAMAGE_ASSESSMENT,A5_CONTACT_AWARE,single_request,24,0,0.0,0.0,0.13798057582897535,4,4
1/1/0,1,VEHICLE_MOUNTED,COMBINED_DEGRADED,MT3_BATTLE_DAMAGE_ASSESSMENT,A6_THREAD_AWARE_PRIORITY,single_request,24,0,0.0,0.0,0.13798057582897535,4,4
1/1/0,1,VEHICLE_MOUNTED,COMBINED_DEGRADED,MT4_PERSISTENT_MONITORING,A0_GROUND_ONLY,independent_opportunities,6,0,0.0,0.0,0.3903430336530645,,
1/1/0,1,VEHICLE_MOUNTED,COMBINED_DEGRADED,MT4_PERSISTENT_MONITORING,A1_COMPRESSED_FULL,independent_opportunities,6,3,0.5,0.18761280689940868,0.8123871931005913,,
1/1/0,1,VEHICLE_MOUNTED,COMBINED_DEGRADED,MT4_PERSISTENT_MONITORING,A2_QUICKLOOK_FIRST,independent_opportunities,6,0,0.0,0.0,0.3903430336530645,,
1/1/0,1,VEHICLE_MOUNTED,COMBINED_DEGRADED,MT4_PERSISTENT_MONITORING,A3_ROI_FIRST,independent_opportunities,6,0,0.0,0.0,0.3903430336530645,,
1/1/0,1,VEHICLE_MOUNTED,COMBINED_DEGRADED,MT4_PERSISTENT_MONITORING,A4_PROGRESSIVE,independent_opportunities,6,5,0.8333333333333334,0.43649056343635395,0.9699474141282697,,
1/1/0,1,VEHICLE_MOUNTED,COMBINED_DEGRADED,MT4_PERSISTENT_MONITORING,A5_CONTACT_AWARE,independent_opportunities,6,3,0.5,0.18761280689940868,0.8123871931005913,,
1/1/0,1,VEHICLE_MOUNTED,COMBINED_DEGRADED,MT4_PERSISTENT_MONITORING,A6_THREAD_AWARE_PRIORITY,independent_opportunities,6,5,0.8333333333333334,0.43649056343635395,0.9699474141282697,,
1/1/0,1,VEHICLE_MOUNTED,NOMINAL,MT1_TIME_SENSITIVE_CUEING,A0_GROUND_ONLY,single_request,24,0,0.0,0.0,0.13798057582897535,3,2
1/1/0,1,VEHICLE_MOUNTED,NOMINAL,MT1_TIME_SENSITIVE_CUEING,A1_COMPRESSED_FULL,single_request,24,0,0.0,0.0,0.13798057582897535,2,2
1/1/0,1,VEHICLE_MOUNTED,NOMINAL,MT1_TIME_SENSITIVE_CUEING,A2_QUICKLOOK_FIRST,single_request,24,0,0.0,0.0,0.13798057582897535,2,2
1/1/0,1,VEHICLE_MOUNTED,NOMINAL,MT1_TIME_SENSITIVE_CUEING,A3_ROI_FIRST,single_request,24,0,0.0,0.0,0.13798057582897535,3,2
1/1/0,1,VEHICLE_MOUNTED,NOMINAL,MT1_TIME_SENSITIVE_CUEING,A4_PROGRESSIVE,single_request,24,0,0.0,0.0,0.13798057582897535,2,2
1/1/0,1,VEHICLE_MOUNTED,NOMINAL,MT1_TIME_SENSITIVE_CUEING,A5_CONTACT_AWARE,single_request,24,0,0.0,0.0,0.13798057582897535,2,2
1/1/0,1,VEHICLE_MOUNTED,NOMINAL,MT1_TIME_SENSITIVE_CUEING,A6_THREAD_AWARE_PRIORITY,single_request,24,0,0.0,0.0,0.13798057582897535,2,2
1/1/0,1,VEHICLE_MOUNTED,NOMINAL,MT2_ROUTE_RECON_FIRST,A0_GROUND_ONLY,single_request,24,0,0.0,0.0,0.13798057582897535,2,2
1/1/0,1,VEHICLE_MOUNTED,NOMINAL,MT2_ROUTE_RECON_FIRST,A1_COMPRESSED_FULL,single_request,24,1,0.041666666666666664,0.007393265354805126,0.20242226248842232,2,2
1/1/0,1,VEHICLE_MOUNTED,NOMINAL,MT2_ROUTE_RECON_FIRST,A2_QUICKLOOK_FIRST,single_request,24,0,0.0,0.0,0.13798057582897535,2,2
1/1/0,1,VEHICLE_MOUNTED,NOMINAL,MT2_ROUTE_RECON_FIRST,A3_ROI_FIRST,single_request,24,1,0.041666666666666664,0.007393265354805126,0.20242226248842232,2,2
1/1/0,1,VEHICLE_MOUNTED,NOMINAL,MT2_ROUTE_RECON_FIRST,A4_PROGRESSIVE,single_request,24,1,0.041666666666666664,0.007393265354805126,0.20242226248842232,2,2
1/1/0,1,VEHICLE_MOUNTED,NOMINAL,MT2_ROUTE_RECON_FIRST,A5_CONTACT_AWARE,single_request,24,1,0.041666666666666664,0.007393265354805126,0.20242226248842232,2,2
1/1/0,1,VEHICLE_MOUNTED,NOMINAL,MT2_ROUTE_RECON_FIRST,A6_THREAD_AWARE_PRIORITY,single_request,24,1,0.041666666666666664,0.007393265354805126,0.20242226248842232,2,2
1/1/0,1,VEHICLE_MOUNTED,NOMINAL,MT3_BATTLE_DAMAGE_ASSESSMENT,A0_GROUND_ONLY,single_request,24,0,0.0,0.0,0.13798057582897535,3,3
1/1/0,1,VEHICLE_MOUNTED,NOMINAL,MT3_BATTLE_DAMAGE_ASSESSMENT,A1_COMPRESSED_FULL,single_request,24,0,0.0,0.0,0.13798057582897535,3,3
1/1/0,1,VEHICLE_MOUNTED,NOMINAL,MT3_BATTLE_DAMAGE_ASSESSMENT,A2_QUICKLOOK_FIRST,single_request,24,0,0.0,0.0,0.13798057582897535,3,3
1/1/0,1,VEHICLE_MOUNTED,NOMINAL,MT3_BATTLE_DAMAGE_ASSESSMENT,A3_ROI_FIRST,single_request,24,1,0.041666666666666664,0.007393265354805126,0.20242226248842232,3,3
1/1/0,1,VEHICLE_MOUNTED,NOMINAL,MT3_BATTLE_DAMAGE_ASSESSMENT,A4_PROGRESSIVE,single_request,24,1,0.041666666666666664,0.007393265354805126,0.20242226248842232,3,3
1/1/0,1,VEHICLE_MOUNTED,NOMINAL,MT3_BATTLE_DAMAGE_ASSESSMENT,A5_CONTACT_AWARE,single_request,24,0,0.0,0.0,0.13798057582897535,3,3
1/1/0,1,VEHICLE_MOUNTED,NOMINAL,MT3_BATTLE_DAMAGE_ASSESSMENT,A6_THREAD_AWARE_PRIORITY,single_request,24,1,0.041666666666666664,0.007393265354805126,0.20242226248842232,3,3
1/1/0,1,VEHICLE_MOUNTED,NOMINAL,MT4_PERSISTENT_MONITORING,A0_GROUND_ONLY,independent_opportunities,1,0,0.0,,,,
1/1/0,1,VEHICLE_MOUNTED,NOMINAL,MT4_PERSISTENT_MONITORING,A1_COMPRESSED_FULL,independent_opportunities,1,1,1.0,,,,
1/1/0,1,VEHICLE_MOUNTED,NOMINAL,MT4_PERSISTENT_MONITORING,A2_QUICKLOOK_FIRST,independent_opportunities,1,0,0.0,,,,
1/1/0,1,VEHICLE_MOUNTED,NOMINAL,MT4_PERSISTENT_MONITORING,A3_ROI_FIRST,independent_opportunities,1,0,0.0,,,,
1/1/0,1,VEHICLE_MOUNTED,NOMINAL,MT4_PERSISTENT_MONITORING,A4_PROGRESSIVE,independent_opportunities,1,1,1.0,,,,
1/1/0,1,VEHICLE_MOUNTED,NOMINAL,MT4_PERSISTENT_MONITORING,A5_CONTACT_AWARE,independent_opportunities,1,1,1.0,,,,
1/1/0,1,VEHICLE_MOUNTED,NOMINAL,MT4_PERSISTENT_MONITORING,A6_THREAD_AWARE_PRIORITY,independent_opportunities,1,1,1.0,,,,
1/1/0,4,DISMOUNTED_MANPACK,COMBINED_DEGRADED,MT1_TIME_SENSITIVE_CUEING,A0_GROUND_ONLY,single_request,24,0,0.0,0.0,0.13798057582897535,19,4
1/1/0,4,DISMOUNTED_MANPACK,COMBINED_DEGRADED,MT1_TIME_SENSITIVE_CUEING,A1_COMPRESSED_FULL,single_request,24,0,0.0,0.0,0.13798057582897535,10,4
1/1/0,4,DISMOUNTED_MANPACK,COMBINED_DEGRADED,MT1_TIME_SENSITIVE_CUEING,A2_QUICKLOOK_FIRST,single_request,24,0,0.0,0.0,0.13798057582897535,5,4
1/1/0,4,DISMOUNTED_MANPACK,COMBINED_DEGRADED,MT1_TIME_SENSITIVE_CUEING,A3_ROI_FIRST,single_request,24,0,0.0,0.0,0.13798057582897535,20,4
1/1/0,4,DISMOUNTED_MANPACK,COMBINED_DEGRADED,MT1_TIME_SENSITIVE_CUEING,A4_PROGRESSIVE,single_request,24,0,0.0,0.0,0.13798057582897535,5,4
1/1/0,4,DISMOUNTED_MANPACK,COMBINED_DEGRADED,MT1_TIME_SENSITIVE_CUEING,A5_CONTACT_AWARE,single_request,24,0,0.0,0.0,0.13798057582897535,19,4
1/1/0,4,DISMOUNTED_MANPACK,COMBINED_DEGRADED,MT1_TIME_SENSITIVE_CUEING,A6_THREAD_AWARE_PRIORITY,single_request,24,0,0.0,0.0,0.13798057582897535,5,4
1/1/0,4,DISMOUNTED_MANPACK,COMBINED_DEGRADED,MT2_ROUTE_RECON_FIRST,A0_GROUND_ONLY,single_request,24,0,0.0,0.0,0.13798057582897535,14,1
1/1/0,4,DISMOUNTED_MANPACK,COMBINED_DEGRADED,MT2_ROUTE_RECON_FIRST,A1_COMPRESSED_FULL,single_request,24,0,0.0,0.0,0.13798057582897535,7,1
1/1/0,4,DISMOUNTED_MANPACK,COMBINED_DEGRADED,MT2_ROUTE_RECON_FIRST,A2_QUICKLOOK_FIRST,single_request,24,0,0.0,0.0,0.13798057582897535,15,1
1/1/0,4,DISMOUNTED_MANPACK,COMBINED_DEGRADED,MT2_ROUTE_RECON_FIRST,A3_ROI_FIRST,single_request,24,1,0.041666666666666664,0.007393265354805126,0.20242226248842232,3,1
1/1/0,4,DISMOUNTED_MANPACK,COMBINED_DEGRADED,MT2_ROUTE_RECON_FIRST,A4_PROGRESSIVE,single_request,24,1,0.041666666666666664,0.007393265354805126,0.20242226248842232,3,1
1/1/0,4,DISMOUNTED_MANPACK,COMBINED_DEGRADED,MT2_ROUTE_RECON_FIRST,A5_CONTACT_AWARE,single_request,24,0,0.0,0.0,0.13798057582897535,14,1
1/1/0,4,DISMOUNTED_MANPACK,COMBINED_DEGRADED,MT2_ROUTE_RECON_FIRST,A6_THREAD_AWARE_PRIORITY,single_request,24,1,0.041666666666666664,0.007393265354805126,0.20242226248842232,3,1
1/1/0,4,DISMOUNTED_MANPACK,COMBINED_DEGRADED,MT3_BATTLE_DAMAGE_ASSESSMENT,A0_GROUND_ONLY,single_request,24,0,0.0,0.0,0.13798057582897535,12,2
1/1/0,4,DISMOUNTED_MANPACK,COMBINED_DEGRADED,MT3_BATTLE_DAMAGE_ASSESSMENT,A1_COMPRESSED_FULL,single_request,24,0,0.0,0.0,0.13798057582897535,5,2
1/1/0,4,DISMOUNTED_MANPACK,COMBINED_DEGRADED,MT3_BATTLE_DAMAGE_ASSESSMENT,A2_QUICKLOOK_FIRST,single_request,24,0,0.0,0.0,0.13798057582897535,12,2
1/1/0,4,DISMOUNTED_MANPACK,COMBINED_DEGRADED,MT3_BATTLE_DAMAGE_ASSESSMENT,A3_ROI_FIRST,single_request,24,2,0.08333333333333333,0.023158327842973503,0.258492152014506,2,2
1/1/0,4,DISMOUNTED_MANPACK,COMBINED_DEGRADED,MT3_BATTLE_DAMAGE_ASSESSMENT,A4_PROGRESSIVE,single_request,24,1,0.041666666666666664,0.007393265354805126,0.20242226248842232,2,2
1/1/0,4,DISMOUNTED_MANPACK,COMBINED_DEGRADED,MT3_BATTLE_DAMAGE_ASSESSMENT,A5_CONTACT_AWARE,single_request,24,0,0.0,0.0,0.13798057582897535,12,2
1/1/0,4,DISMOUNTED_MANPACK,COMBINED_DEGRADED,MT3_BATTLE_DAMAGE_ASSESSMENT,A6_THREAD_AWARE_PRIORITY,single_request,24,2,0.08333333333333333,0.023158327842973503,0.258492152014506,2,2
1/1/0,4,DISMOUNTED_MANPACK,COMBINED_DEGRADED,MT4_PERSISTENT_MONITORING,A0_GROUND_ONLY,independent_opportunities,6,0,0.0,0.0,0.3903430336530645,,
1/1/0,4,DISMOUNTED_MANPACK,COMBINED_DEGRADED,MT4_PERSISTENT_MONITORING,A1_COMPRESSED_FULL,independent_opportunities,6,0,0.0,0.0,0.3903430336530645,,
1/1/0,4,DISMOUNTED_MANPACK,COMBINED_DEGRADED,MT4_PERSISTENT_MONITORING,A2_QUICKLOOK_FIRST,independent_opportunities,6,0,0.0,0.0,0.3903430336530645,,
1/1/0,4,DISMOUNTED_MANPACK,COMBINED_DEGRADED,MT4_PERSISTENT_MONITORING,A3_ROI_FIRST,independent_opportunities,6,0,0.0,0.0,0.3903430336530645,,
1/1/0,4,DISMOUNTED_MANPACK,COMBINED_DEGRADED,MT4_PERSISTENT_MONITORING,A4_PROGRESSIVE,independent_opportunities,6,3,0.5,0.18761280689940868,0.8123871931005913,,
1/1/0,4,DISMOUNTED_MANPACK,COMBINED_DEGRADED,MT4_PERSISTENT_MONITORING,A5_CONTACT_AWARE,independent_opportunities,6,0,0.0,0.0,0.3903430336530645,,
1/1/0,4,DISMOUNTED_MANPACK,COMBINED_DEGRADED,MT4_PERSISTENT_MONITORING,A6_THREAD_AWARE_PRIORITY,independent_opportunities,6,3,0.5,0.18761280689940868,0.8123871931005913,,
1/1/0,4,DISMOUNTED_MANPACK,NOMINAL,MT1_TIME_SENSITIVE_CUEING,A0_GROUND_ONLY,single_request,24,0,0.0,0.0,0.13798057582897535,9,1
1/1/0,4,DISMOUNTED_MANPACK,NOMINAL,MT1_TIME_SENSITIVE_CUEING,A1_COMPRESSED_FULL,single_request,24,0,0.0,0.0,0.13798057582897535,2,1
1/1/0,4,DISMOUNTED_MANPACK,NOMINAL,MT1_TIME_SENSITIVE_CUEING,A2_QUICKLOOK_FIRST,single_request,24,0,0.0,0.0,0.13798057582897535,1,1
1/1/0,4,DISMOUNTED_MANPACK,NOMINAL,MT1_TIME_SENSITIVE_CUEING,A3_ROI_FIRST,single_request,24,0,0.0,0.0,0.13798057582897535,9,1
1/1/0,4,DISMOUNTED_MANPACK,NOMINAL,MT1_TIME_SENSITIVE_CUEING,A4_PROGRESSIVE,single_request,24,0,0.0,0.0,0.13798057582897535,1,1
1/1/0,4,DISMOUNTED_MANPACK,NOMINAL,MT1_TIME_SENSITIVE_CUEING,A5_CONTACT_AWARE,single_request,24,0,0.0,0.0,0.13798057582897535,9,1
1/1/0,4,DISMOUNTED_MANPACK,NOMINAL,MT1_TIME_SENSITIVE_CUEING,A6_THREAD_AWARE_PRIORITY,single_request,24,0,0.0,0.0,0.13798057582897535,1,1
1/1/0,4,DISMOUNTED_MANPACK,NOMINAL,MT2_ROUTE_RECON_FIRST,A0_GROUND_ONLY,single_request,24,0,0.0,0.0,0.13798057582897535,11,3
1/1/0,4,DISMOUNTED_MANPACK,NOMINAL,MT2_ROUTE_RECON_FIRST,A1_COMPRESSED_FULL,single_request,24,0,0.0,0.0,0.13798057582897535,5,3
1/1/0,4,DISMOUNTED_MANPACK,NOMINAL,MT2_ROUTE_RECON_FIRST,A2_QUICKLOOK_FIRST,single_request,24,0,0.0,0.0,0.13798057582897535,11,3
1/1/0,4,DISMOUNTED_MANPACK,NOMINAL,MT2_ROUTE_RECON_FIRST,A3_ROI_FIRST,single_request,24,3,0.125,0.04344255039315584,0.3100428814785757,3,3
1/1/0,4,DISMOUNTED_MANPACK,NOMINAL,MT2_ROUTE_RECON_FIRST,A4_PROGRESSIVE,single_request,24,3,0.125,0.04344255039315584,0.3100428814785757,3,3
1/1/0,4,DISMOUNTED_MANPACK,NOMINAL,MT2_ROUTE_RECON_FIRST,A5_CONTACT_AWARE,single_request,24,0,0.0,0.0,0.13798057582897535,11,3
1/1/0,4,DISMOUNTED_MANPACK,NOMINAL,MT2_ROUTE_RECON_FIRST,A6_THREAD_AWARE_PRIORITY,single_request,24,3,0.125,0.04344255039315584,0.3100428814785757,3,3
1/1/0,4,DISMOUNTED_MANPACK,NOMINAL,MT3_BATTLE_DAMAGE_ASSESSMENT,A0_GROUND_ONLY,single_request,24,0,0.0,0.0,0.13798057582897535,8,3
1/1/0,4,DISMOUNTED_MANPACK,NOMINAL,MT3_BATTLE_DAMAGE_ASSESSMENT,A1_COMPRESSED_FULL,single_request,24,0,0.0,0.0,0.13798057582897535,4,3
1/1/0,4,DISMOUNTED_MANPACK,NOMINAL,MT3_BATTLE_DAMAGE_ASSESSMENT,A2_QUICKLOOK_FIRST,single_request,24,0,0.0,0.0,0.13798057582897535,8,3
1/1/0,4,DISMOUNTED_MANPACK,NOMINAL,MT3_BATTLE_DAMAGE_ASSESSMENT,A3_ROI_FIRST,single_request,24,0,0.0,0.0,0.13798057582897535,3,3
1/1/0,4,DISMOUNTED_MANPACK,NOMINAL,MT3_BATTLE_DAMAGE_ASSESSMENT,A4_PROGRESSIVE,single_request,24,0,0.0,0.0,0.13798057582897535,3,3
1/1/0,4,DISMOUNTED_MANPACK,NOMINAL,MT3_BATTLE_DAMAGE_ASSESSMENT,A5_CONTACT_AWARE,single_request,24,0,0.0,0.0,0.13798057582897535,8,3
1/1/0,4,DISMOUNTED_MANPACK,NOMINAL,MT3_BATTLE_DAMAGE_ASSESSMENT,A6_THREAD_AWARE_PRIORITY,single_request,24,0,0.0,0.0,0.13798057582897535,3,3
1/1/0,4,DISMOUNTED_MANPACK,NOMINAL,MT4_PERSISTENT_MONITORING,A0_GROUND_ONLY,independent_opportunities,1,0,0.0,,,,
1/1/0,4,DISMOUNTED_MANPACK,NOMINAL,MT4_PERSISTENT_MONITORING,A1_COMPRESSED_FULL,independent_opportunities,1,0,0.0,,,,
1/1/0,4,DISMOUNTED_MANPACK,NOMINAL,MT4_PERSISTENT_MONITORING,A2_QUICKLOOK_FIRST,independent_opportunities,1,0,0.0,,,,
1/1/0,4,DISMOUNTED_MANPACK,NOMINAL,MT4_PERSISTENT_MONITORING,A3_ROI_FIRST,independent_opportunities,1,0,0.0,,,,
1/1/0,4,DISMOUNTED_MANPACK,NOMINAL,MT4_PERSISTENT_MONITORING,A4_PROGRESSIVE,independent_opportunities,1,1,1.0,,,,
1/1/0,4,DISMOUNTED_MANPACK,NOMINAL,MT4_PERSISTENT_MONITORING,A5_CONTACT_AWARE,independent_opportunities,1,0,0.0,,,,
1/1/0,4,DISMOUNTED_MANPACK,NOMINAL,MT4_PERSISTENT_MONITORING,A6_THREAD_AWARE_PRIORITY,independent_opportunities,1,1,1.0,,,,
1/1/0,4,VEHICLE_MOUNTED,COMBINED_DEGRADED,MT1_TIME_SENSITIVE_CUEING,A0_GROUND_ONLY,single_request,24,0,0.0,0.0,0.13798057582897535,6,3
1/1/0,4,VEHICLE_MOUNTED,COMBINED_DEGRADED,MT1_TIME_SENSITIVE_CUEING,A1_COMPRESSED_FULL,single_request,24,0,0.0,0.0,0.13798057582897535,4,3
1/1/0,4,VEHICLE_MOUNTED,COMBINED_DEGRADED,MT1_TIME_SENSITIVE_CUEING,A2_QUICKLOOK_FIRST,single_request,24,0,0.0,0.0,0.13798057582897535,4,3
1/1/0,4,VEHICLE_MOUNTED,COMBINED_DEGRADED,MT1_TIME_SENSITIVE_CUEING,A3_ROI_FIRST,single_request,24,0,0.0,0.0,0.13798057582897535,8,3
1/1/0,4,VEHICLE_MOUNTED,COMBINED_DEGRADED,MT1_TIME_SENSITIVE_CUEING,A4_PROGRESSIVE,single_request,24,0,0.0,0.0,0.13798057582897535,4,3
1/1/0,4,VEHICLE_MOUNTED,COMBINED_DEGRADED,MT1_TIME_SENSITIVE_CUEING,A5_CONTACT_AWARE,single_request,24,0,0.0,0.0,0.13798057582897535,4,3
1/1/0,4,VEHICLE_MOUNTED,COMBINED_DEGRADED,MT1_TIME_SENSITIVE_CUEING,A6_THREAD_AWARE_PRIORITY,single_request,24,0,0.0,0.0,0.13798057582897535,4,3
1/1/0,4,VEHICLE_MOUNTED,COMBINED_DEGRADED,MT2_ROUTE_RECON_FIRST,A0_GROUND_ONLY,single_request,24,0,0.0,0.0,0.13798057582897535,5,3
1/1/0,4,VEHICLE_MOUNTED,COMBINED_DEGRADED,MT2_ROUTE_RECON_FIRST,A1_COMPRESSED_FULL,single_request,24,1,0.041666666666666664,0.007393265354805126,0.20242226248842232,4,3
1/1/0,4,VEHICLE_MOUNTED,COMBINED_DEGRADED,MT2_ROUTE_RECON_FIRST,A2_QUICKLOOK_FIRST,single_request,24,0,0.0,0.0,0.13798057582897535,5,3
1/1/0,4,VEHICLE_MOUNTED,COMBINED_DEGRADED,MT2_ROUTE_RECON_FIRST,A3_ROI_FIRST,single_request,24,1,0.041666666666666664,0.007393265354805126,0.20242226248842232,4,3
1/1/0,4,VEHICLE_MOUNTED,COMBINED_DEGRADED,MT2_ROUTE_RECON_FIRST,A4_PROGRESSIVE,single_request,24,1,0.041666666666666664,0.007393265354805126,0.20242226248842232,4,3
1/1/0,4,VEHICLE_MOUNTED,COMBINED_DEGRADED,MT2_ROUTE_RECON_FIRST,A5_CONTACT_AWARE,single_request,24,1,0.041666666666666664,0.007393265354805126,0.20242226248842232,4,3
1/1/0,4,VEHICLE_MOUNTED,COMBINED_DEGRADED,MT2_ROUTE_RECON_FIRST,A6_THREAD_AWARE_PRIORITY,single_request,24,1,0.041666666666666664,0.007393265354805126,0.20242226248842232,4,3
1/1/0,4,VEHICLE_MOUNTED,COMBINED_DEGRADED,MT3_BATTLE_DAMAGE_ASSESSMENT,A0_GROUND_ONLY,single_request,24,0,0.0,0.0,0.13798057582897535,8,6
1/1/0,4,VEHICLE_MOUNTED,COMBINED_DEGRADED,MT3_BATTLE_DAMAGE_ASSESSMENT,A1_COMPRESSED_FULL,single_request,24,1,0.041666666666666664,0.007393265354805126,0.20242226248842232,7,6
1/1/0,4,VEHICLE_MOUNTED,COMBINED_DEGRADED,MT3_BATTLE_DAMAGE_ASSESSMENT,A2_QUICKLOOK_FIRST,single_request,24,0,0.0,0.0,0.13798057582897535,8,6
1/1/0,4,VEHICLE_MOUNTED,COMBINED_DEGRADED,MT3_BATTLE_DAMAGE_ASSESSMENT,A3_ROI_FIRST,single_request,24,1,0.041666666666666664,0.007393265354805126,0.20242226248842232,7,6
1/1/0,4,VEHICLE_MOUNTED,COMBINED_DEGRADED,MT3_BATTLE_DAMAGE_ASSESSMENT,A4_PROGRESSIVE,single_request,24,1,0.041666666666666664,0.007393265354805126,0.20242226248842232,7,6
1/1/0,4,VEHICLE_MOUNTED,COMBINED_DEGRADED,MT3_BATTLE_DAMAGE_ASSESSMENT,A5_CONTACT_AWARE,single_request,24,1,0.041666666666666664,0.007393265354805126,0.20242226248842232,7,6
1/1/0,4,VEHICLE_MOUNTED,COMBINED_DEGRADED,MT3_BATTLE_DAMAGE_ASSESSMENT,A6_THREAD_AWARE_PRIORITY,single_request,24,1,0.041666666666666664,0.007393265354805126,0.20242226248842232,7,6
1/1/0,4,VEHICLE_MOUNTED,COMBINED_DEGRADED,MT4_PERSISTENT_MONITORING,A0_GROUND_ONLY,independent_opportunities,6,0,0.0,0.0,0.3903430336530645,,
1/1/0,4,VEHICLE_MOUNTED,COMBINED_DEGRADED,MT4_PERSISTENT_MONITORING,A1_COMPRESSED_FULL,independent_opportunities,6,3,0.5,0.18761280689940868,0.8123871931005913,,
1/1/0,4,VEHICLE_MOUNTED,COMBINED_DEGRADED,MT4_PERSISTENT_MONITORING,A2_QUICKLOOK_FIRST,independent_opportunities,6,0,0.0,0.0,0.3903430336530645,,
1/1/0,4,VEHICLE_MOUNTED,COMBINED_DEGRADED,MT4_PERSISTENT_MONITORING,A3_ROI_FIRST,independent_opportunities,6,0,0.0,0.0,0.3903430336530645,,
1/1/0,4,VEHICLE_MOUNTED,COMBINED_DEGRADED,MT4_PERSISTENT_MONITORING,A4_PROGRESSIVE,independent_opportunities,6,3,0.5,0.18761280689940868,0.8123871931005913,,
1/1/0,4,VEHICLE_MOUNTED,COMBINED_DEGRADED,MT4_PERSISTENT_MONITORING,A5_CONTACT_AWARE,independent_opportunities,6,3,0.5,0.18761280689940868,0.8123871931005913,,
1/1/0,4,VEHICLE_MOUNTED,COMBINED_DEGRADED,MT4_PERSISTENT_MONITORING,A6_THREAD_AWARE_PRIORITY,independent_opportunities,6,3,0.5,0.18761280689940868,0.8123871931005913,,
1/1/0,4,VEHICLE_MOUNTED,NOMINAL,MT1_TIME_SENSITIVE_CUEING,A0_GROUND_ONLY,single_request,24,0,0.0,0.0,0.13798057582897535,2,2
1/1/0,4,VEHICLE_MOUNTED,NOMINAL,MT1_TIME_SENSITIVE_CUEING,A1_COMPRESSED_FULL,single_request,24,0,0.0,0.0,0.13798057582897535,2,2
1/1/0,4,VEHICLE_MOUNTED,NOMINAL,MT1_TIME_SENSITIVE_CUEING,A2_QUICKLOOK_FIRST,single_request,24,0,0.0,0.0,0.13798057582897535,2,2
1/1/0,4,VEHICLE_MOUNTED,NOMINAL,MT1_TIME_SENSITIVE_CUEING,A3_ROI_FIRST,single_request,24,0,0.0,0.0,0.13798057582897535,2,2
1/1/0,4,VEHICLE_MOUNTED,NOMINAL,MT1_TIME_SENSITIVE_CUEING,A4_PROGRESSIVE,single_request,24,0,0.0,0.0,0.13798057582897535,2,2
1/1/0,4,VEHICLE_MOUNTED,NOMINAL,MT1_TIME_SENSITIVE_CUEING,A5_CONTACT_AWARE,single_request,24,0,0.0,0.0,0.13798057582897535,2,2
1/1/0,4,VEHICLE_MOUNTED,NOMINAL,MT1_TIME_SENSITIVE_CUEING,A6_THREAD_AWARE_PRIORITY,single_request,24,0,0.0,0.0,0.13798057582897535,2,2
1/1/0,4,VEHICLE_MOUNTED,NOMINAL,MT2_ROUTE_RECON_FIRST,A0_GROUND_ONLY,single_request,24,0,0.0,0.0,0.13798057582897535,3,3
1/1/0,4,VEHICLE_MOUNTED,NOMINAL,MT2_ROUTE_RECON_FIRST,A1_COMPRESSED_FULL,single_request,24,0,0.0,0.0,0.13798057582897535,3,3
1/1/0,4,VEHICLE_MOUNTED,NOMINAL,MT2_ROUTE_RECON_FIRST,A2_QUICKLOOK_FIRST,single_request,24,0,0.0,0.0,0.13798057582897535,3,3
1/1/0,4,VEHICLE_MOUNTED,NOMINAL,MT2_ROUTE_RECON_FIRST,A3_ROI_FIRST,single_request,24,0,0.0,0.0,0.13798057582897535,3,3
1/1/0,4,VEHICLE_MOUNTED,NOMINAL,MT2_ROUTE_RECON_FIRST,A4_PROGRESSIVE,single_request,24,0,0.0,0.0,0.13798057582897535,3,3
1/1/0,4,VEHICLE_MOUNTED,NOMINAL,MT2_ROUTE_RECON_FIRST,A5_CONTACT_AWARE,single_request,24,0,0.0,0.0,0.13798057582897535,3,3
1/1/0,4,VEHICLE_MOUNTED,NOMINAL,MT2_ROUTE_RECON_FIRST,A6_THREAD_AWARE_PRIORITY,single_request,24,0,0.0,0.0,0.13798057582897535,3,3
1/1/0,4,VEHICLE_MOUNTED,NOMINAL,MT3_BATTLE_DAMAGE_ASSESSMENT,A0_GROUND_ONLY,single_request,24,0,0.0,0.0,0.13798057582897535,1,1
1/1/0,4,VEHICLE_MOUNTED,NOMINAL,MT3_BATTLE_DAMAGE_ASSESSMENT,A1_COMPRESSED_FULL,single_request,24,1,0.041666666666666664,0.007393265354805126,0.20242226248842232,1,1
1/1/0,4,VEHICLE_MOUNTED,NOMINAL,MT3_BATTLE_DAMAGE_ASSESSMENT,A2_QUICKLOOK_FIRST,single_request,24,0,0.0,0.0,0.13798057582897535,1,1
1/1/0,4,VEHICLE_MOUNTED,NOMINAL,MT3_BATTLE_DAMAGE_ASSESSMENT,A3_ROI_FIRST,single_request,24,1,0.041666666666666664,0.007393265354805126,0.20242226248842232,1,1
1/1/0,4,VEHICLE_MOUNTED,NOMINAL,MT3_BATTLE_DAMAGE_ASSESSMENT,A4_PROGRESSIVE,single_request,24,1,0.041666666666666664,0.007393265354805126,0.20242226248842232,1,1
1/1/0,4,VEHICLE_MOUNTED,NOMINAL,MT3_BATTLE_DAMAGE_ASSESSMENT,A5_CONTACT_AWARE,single_request,24,1,0.041666666666666664,0.007393265354805126,0.20242226248842232,1,1
1/1/0,4,VEHICLE_MOUNTED,NOMINAL,MT3_BATTLE_DAMAGE_ASSESSMENT,A6_THREAD_AWARE_PRIORITY,single_request,24,1,0.041666666666666664,0.007393265354805126,0.20242226248842232,1,1
1/1/0,4,VEHICLE_MOUNTED,NOMINAL,MT4_PERSISTENT_MONITORING,A0_GROUND_ONLY,independent_opportunities,1,1,1.0,,,,
1/1/0,4,VEHICLE_MOUNTED,NOMINAL,MT4_PERSISTENT_MONITORING,A1_COMPRESSED_FULL,independent_opportunities,1,1,1.0,,,,
1/1/0,4,VEHICLE_MOUNTED,NOMINAL,MT4_PERSISTENT_MONITORING,A2_QUICKLOOK_FIRST,independent_opportunities,1,1,1.0,,,,
1/1/0,4,VEHICLE_MOUNTED,NOMINAL,MT4_PERSISTENT_MONITORING,A3_ROI_FIRST,independent_opportunities,1,1,1.0,,,,
1/1/0,4,VEHICLE_MOUNTED,NOMINAL,MT4_PERSISTENT_MONITORING,A4_PROGRESSIVE,independent_opportunities,1,1,1.0,,,,
1/1/0,4,VEHICLE_MOUNTED,NOMINAL,MT4_PERSISTENT_MONITORING,A5_CONTACT_AWARE,independent_opportunities,1,1,1.0,,,,
1/1/0,4,VEHICLE_MOUNTED,NOMINAL,MT4_PERSISTENT_MONITORING,A6_THREAD_AWARE_PRIORITY,independent_opportunities,1,1,1.0,,,,
24/8/1,1,DISMOUNTED_MANPACK,COMBINED_DEGRADED,MT1_TIME_SENSITIVE_CUEING,A0_GROUND_ONLY,single_request,24,0,0.0,0.0,0.13798057582897535,24,0
24/8/1,1,DISMOUNTED_MANPACK,COMBINED_DEGRADED,MT1_TIME_SENSITIVE_CUEING,A1_COMPRESSED_FULL,single_request,24,0,0.0,0.0,0.13798057582897535,16,0
24/8/1,1,DISMOUNTED_MANPACK,COMBINED_DEGRADED,MT1_TIME_SENSITIVE_CUEING,A2_QUICKLOOK_FIRST,single_request,24,0,0.0,0.0,0.13798057582897535,2,0
24/8/1,1,DISMOUNTED_MANPACK,COMBINED_DEGRADED,MT1_TIME_SENSITIVE_CUEING,A3_ROI_FIRST,single_request,24,0,0.0,0.0,0.13798057582897535,24,0
24/8/1,1,DISMOUNTED_MANPACK,COMBINED_DEGRADED,MT1_TIME_SENSITIVE_CUEING,A4_PROGRESSIVE,single_request,24,0,0.0,0.0,0.13798057582897535,2,0
24/8/1,1,DISMOUNTED_MANPACK,COMBINED_DEGRADED,MT1_TIME_SENSITIVE_CUEING,A5_CONTACT_AWARE,single_request,24,0,0.0,0.0,0.13798057582897535,24,0
24/8/1,1,DISMOUNTED_MANPACK,COMBINED_DEGRADED,MT1_TIME_SENSITIVE_CUEING,A6_THREAD_AWARE_PRIORITY,single_request,24,0,0.0,0.0,0.13798057582897535,2,0
24/8/1,1,DISMOUNTED_MANPACK,COMBINED_DEGRADED,MT2_ROUTE_RECON_FIRST,A0_GROUND_ONLY,single_request,24,0,0.0,0.0,0.13798057582897535,24,0
24/8/1,1,DISMOUNTED_MANPACK,COMBINED_DEGRADED,MT2_ROUTE_RECON_FIRST,A1_COMPRESSED_FULL,single_request,24,0,0.0,0.0,0.13798057582897535,19,0
24/8/1,1,DISMOUNTED_MANPACK,COMBINED_DEGRADED,MT2_ROUTE_RECON_FIRST,A2_QUICKLOOK_FIRST,single_request,24,0,0.0,0.0,0.13798057582897535,24,0
24/8/1,1,DISMOUNTED_MANPACK,COMBINED_DEGRADED,MT2_ROUTE_RECON_FIRST,A3_ROI_FIRST,single_request,24,5,0.20833333333333334,0.0924468910478809,0.40470844485235474,5,0
24/8/1,1,DISMOUNTED_MANPACK,COMBINED_DEGRADED,MT2_ROUTE_RECON_FIRST,A4_PROGRESSIVE,single_request,24,4,0.16666666666666666,0.06678568000728924,0.3585347038786943,6,0
24/8/1,1,DISMOUNTED_MANPACK,COMBINED_DEGRADED,MT2_ROUTE_RECON_FIRST,A5_CONTACT_AWARE,single_request,24,0,0.0,0.0,0.13798057582897535,24,0
24/8/1,1,DISMOUNTED_MANPACK,COMBINED_DEGRADED,MT2_ROUTE_RECON_FIRST,A6_THREAD_AWARE_PRIORITY,single_request,24,5,0.20833333333333334,0.0924468910478809,0.40470844485235474,5,0
24/8/1,1,DISMOUNTED_MANPACK,COMBINED_DEGRADED,MT3_BATTLE_DAMAGE_ASSESSMENT,A0_GROUND_ONLY,single_request,24,0,0.0,0.0,0.13798057582897535,24,0
24/8/1,1,DISMOUNTED_MANPACK,COMBINED_DEGRADED,MT3_BATTLE_DAMAGE_ASSESSMENT,A1_COMPRESSED_FULL,single_request,24,0,0.0,0.0,0.13798057582897535,14,0
24/8/1,1,DISMOUNTED_MANPACK,COMBINED_DEGRADED,MT3_BATTLE_DAMAGE_ASSESSMENT,A2_QUICKLOOK_FIRST,single_request,24,0,0.0,0.0,0.13798057582897535,24,0
24/8/1,1,DISMOUNTED_MANPACK,COMBINED_DEGRADED,MT3_BATTLE_DAMAGE_ASSESSMENT,A3_ROI_FIRST,single_request,24,2,0.08333333333333333,0.023158327842973503,0.258492152014506,2,0
24/8/1,1,DISMOUNTED_MANPACK,COMBINED_DEGRADED,MT3_BATTLE_DAMAGE_ASSESSMENT,A4_PROGRESSIVE,single_request,24,1,0.041666666666666664,0.007393265354805126,0.20242226248842232,3,0
24/8/1,1,DISMOUNTED_MANPACK,COMBINED_DEGRADED,MT3_BATTLE_DAMAGE_ASSESSMENT,A5_CONTACT_AWARE,single_request,24,0,0.0,0.0,0.13798057582897535,24,0
24/8/1,1,DISMOUNTED_MANPACK,COMBINED_DEGRADED,MT3_BATTLE_DAMAGE_ASSESSMENT,A6_THREAD_AWARE_PRIORITY,single_request,24,2,0.08333333333333333,0.023158327842973503,0.258492152014506,2,0
24/8/1,1,DISMOUNTED_MANPACK,COMBINED_DEGRADED,MT4_PERSISTENT_MONITORING,A0_GROUND_ONLY,independent_opportunities,6,0,0.0,0.0,0.3903430336530645,,
24/8/1,1,DISMOUNTED_MANPACK,COMBINED_DEGRADED,MT4_PERSISTENT_MONITORING,A1_COMPRESSED_FULL,independent_opportunities,6,0,0.0,0.0,0.3903430336530645,,
24/8/1,1,DISMOUNTED_MANPACK,COMBINED_DEGRADED,MT4_PERSISTENT_MONITORING,A2_QUICKLOOK_FIRST,independent_opportunities,6,0,0.0,0.0,0.3903430336530645,,
24/8/1,1,DISMOUNTED_MANPACK,COMBINED_DEGRADED,MT4_PERSISTENT_MONITORING,A3_ROI_FIRST,independent_opportunities,6,0,0.0,0.0,0.3903430336530645,,
24/8/1,1,DISMOUNTED_MANPACK,COMBINED_DEGRADED,MT4_PERSISTENT_MONITORING,A4_PROGRESSIVE,independent_opportunities,6,0,0.0,0.0,0.3903430336530645,,
24/8/1,1,DISMOUNTED_MANPACK,COMBINED_DEGRADED,MT4_PERSISTENT_MONITORING,A5_CONTACT_AWARE,independent_opportunities,6,0,0.0,0.0,0.3903430336530645,,
24/8/1,1,DISMOUNTED_MANPACK,COMBINED_DEGRADED,MT4_PERSISTENT_MONITORING,A6_THREAD_AWARE_PRIORITY,independent_opportunities,6,0,0.0,0.0,0.3903430336530645,,
24/8/1,1,DISMOUNTED_MANPACK,NOMINAL,MT1_TIME_SENSITIVE_CUEING,A0_GROUND_ONLY,single_request,24,0,0.0,0.0,0.13798057582897535,18,0
24/8/1,1,DISMOUNTED_MANPACK,NOMINAL,MT1_TIME_SENSITIVE_CUEING,A1_COMPRESSED_FULL,single_request,24,0,0.0,0.0,0.13798057582897535,8,0
24/8/1,1,DISMOUNTED_MANPACK,NOMINAL,MT1_TIME_SENSITIVE_CUEING,A2_QUICKLOOK_FIRST,single_request,24,0,0.0,0.0,0.13798057582897535,0,0
24/8/1,1,DISMOUNTED_MANPACK,NOMINAL,MT1_TIME_SENSITIVE_CUEING,A3_ROI_FIRST,single_request,24,0,0.0,0.0,0.13798057582897535,21,0
24/8/1,1,DISMOUNTED_MANPACK,NOMINAL,MT1_TIME_SENSITIVE_CUEING,A4_PROGRESSIVE,single_request,24,0,0.0,0.0,0.13798057582897535,0,0
24/8/1,1,DISMOUNTED_MANPACK,NOMINAL,MT1_TIME_SENSITIVE_CUEING,A5_CONTACT_AWARE,single_request,24,0,0.0,0.0,0.13798057582897535,18,0
24/8/1,1,DISMOUNTED_MANPACK,NOMINAL,MT1_TIME_SENSITIVE_CUEING,A6_THREAD_AWARE_PRIORITY,single_request,24,0,0.0,0.0,0.13798057582897535,0,0
24/8/1,1,DISMOUNTED_MANPACK,NOMINAL,MT2_ROUTE_RECON_FIRST,A0_GROUND_ONLY,single_request,24,0,0.0,0.0,0.13798057582897535,19,0
24/8/1,1,DISMOUNTED_MANPACK,NOMINAL,MT2_ROUTE_RECON_FIRST,A1_COMPRESSED_FULL,single_request,24,0,0.0,0.0,0.13798057582897535,4,0
24/8/1,1,DISMOUNTED_MANPACK,NOMINAL,MT2_ROUTE_RECON_FIRST,A2_QUICKLOOK_FIRST,single_request,24,0,0.0,0.0,0.13798057582897535,19,0
24/8/1,1,DISMOUNTED_MANPACK,NOMINAL,MT2_ROUTE_RECON_FIRST,A3_ROI_FIRST,single_request,24,12,0.5,0.31427131627763083,0.6857286837223692,0,0
24/8/1,1,DISMOUNTED_MANPACK,NOMINAL,MT2_ROUTE_RECON_FIRST,A4_PROGRESSIVE,single_request,24,8,0.3333333333333333,0.17971978688379642,0.5329404050591954,2,0
24/8/1,1,DISMOUNTED_MANPACK,NOMINAL,MT2_ROUTE_RECON_FIRST,A5_CONTACT_AWARE,single_request,24,0,0.0,0.0,0.13798057582897535,19,0
24/8/1,1,DISMOUNTED_MANPACK,NOMINAL,MT2_ROUTE_RECON_FIRST,A6_THREAD_AWARE_PRIORITY,single_request,24,12,0.5,0.31427131627763083,0.6857286837223692,0,0
24/8/1,1,DISMOUNTED_MANPACK,NOMINAL,MT3_BATTLE_DAMAGE_ASSESSMENT,A0_GROUND_ONLY,single_request,24,0,0.0,0.0,0.13798057582897535,16,0
24/8/1,1,DISMOUNTED_MANPACK,NOMINAL,MT3_BATTLE_DAMAGE_ASSESSMENT,A1_COMPRESSED_FULL,single_request,24,0,0.0,0.0,0.13798057582897535,6,0
24/8/1,1,DISMOUNTED_MANPACK,NOMINAL,MT3_BATTLE_DAMAGE_ASSESSMENT,A2_QUICKLOOK_FIRST,single_request,24,0,0.0,0.0,0.13798057582897535,16,0
24/8/1,1,DISMOUNTED_MANPACK,NOMINAL,MT3_BATTLE_DAMAGE_ASSESSMENT,A3_ROI_FIRST,single_request,24,9,0.375,0.21159133433631458,0.5729038096209293,0,0
24/8/1,1,DISMOUNTED_MANPACK,NOMINAL,MT3_BATTLE_DAMAGE_ASSESSMENT,A4_PROGRESSIVE,single_request,24,9,0.375,0.21159133433631458,0.5729038096209293,0,0
24/8/1,1,DISMOUNTED_MANPACK,NOMINAL,MT3_BATTLE_DAMAGE_ASSESSMENT,A5_CONTACT_AWARE,single_request,24,0,0.0,0.0,0.13798057582897535,16,0
24/8/1,1,DISMOUNTED_MANPACK,NOMINAL,MT3_BATTLE_DAMAGE_ASSESSMENT,A6_THREAD_AWARE_PRIORITY,single_request,24,9,0.375,0.21159133433631458,0.5729038096209293,0,0
24/8/1,1,DISMOUNTED_MANPACK,NOMINAL,MT4_PERSISTENT_MONITORING,A0_GROUND_ONLY,independent_opportunities,1,0,0.0,,,,
24/8/1,1,DISMOUNTED_MANPACK,NOMINAL,MT4_PERSISTENT_MONITORING,A1_COMPRESSED_FULL,independent_opportunities,1,0,0.0,,,,
24/8/1,1,DISMOUNTED_MANPACK,NOMINAL,MT4_PERSISTENT_MONITORING,A2_QUICKLOOK_FIRST,independent_opportunities,1,0,0.0,,,,
24/8/1,1,DISMOUNTED_MANPACK,NOMINAL,MT4_PERSISTENT_MONITORING,A3_ROI_FIRST,independent_opportunities,1,0,0.0,,,,
24/8/1,1,DISMOUNTED_MANPACK,NOMINAL,MT4_PERSISTENT_MONITORING,A4_PROGRESSIVE,independent_opportunities,1,1,1.0,,,,
24/8/1,1,DISMOUNTED_MANPACK,NOMINAL,MT4_PERSISTENT_MONITORING,A5_CONTACT_AWARE,independent_opportunities,1,0,0.0,,,,
24/8/1,1,DISMOUNTED_MANPACK,NOMINAL,MT4_PERSISTENT_MONITORING,A6_THREAD_AWARE_PRIORITY,independent_opportunities,1,1,1.0,,,,
24/8/1,1,VEHICLE_MOUNTED,COMBINED_DEGRADED,MT1_TIME_SENSITIVE_CUEING,A0_GROUND_ONLY,single_request,24,0,0.0,0.0,0.13798057582897535,4,0
24/8/1,1,VEHICLE_MOUNTED,COMBINED_DEGRADED,MT1_TIME_SENSITIVE_CUEING,A1_COMPRESSED_FULL,single_request,24,0,0.0,0.0,0.13798057582897535,2,0
24/8/1,1,VEHICLE_MOUNTED,COMBINED_DEGRADED,MT1_TIME_SENSITIVE_CUEING,A2_QUICKLOOK_FIRST,single_request,24,0,0.0,0.0,0.13798057582897535,1,0
24/8/1,1,VEHICLE_MOUNTED,COMBINED_DEGRADED,MT1_TIME_SENSITIVE_CUEING,A3_ROI_FIRST,single_request,24,0,0.0,0.0,0.13798057582897535,5,0
24/8/1,1,VEHICLE_MOUNTED,COMBINED_DEGRADED,MT1_TIME_SENSITIVE_CUEING,A4_PROGRESSIVE,single_request,24,0,0.0,0.0,0.13798057582897535,1,0
24/8/1,1,VEHICLE_MOUNTED,COMBINED_DEGRADED,MT1_TIME_SENSITIVE_CUEING,A5_CONTACT_AWARE,single_request,24,0,0.0,0.0,0.13798057582897535,2,0
24/8/1,1,VEHICLE_MOUNTED,COMBINED_DEGRADED,MT1_TIME_SENSITIVE_CUEING,A6_THREAD_AWARE_PRIORITY,single_request,24,0,0.0,0.0,0.13798057582897535,1,0
24/8/1,1,VEHICLE_MOUNTED,COMBINED_DEGRADED,MT2_ROUTE_RECON_FIRST,A0_GROUND_ONLY,single_request,24,0,0.0,0.0,0.13798057582897535,3,0
24/8/1,1,VEHICLE_MOUNTED,COMBINED_DEGRADED,MT2_ROUTE_RECON_FIRST,A1_COMPRESSED_FULL,single_request,24,6,0.25,0.1199920347934233,0.4489982531210644,1,0
24/8/1,1,VEHICLE_MOUNTED,COMBINED_DEGRADED,MT2_ROUTE_RECON_FIRST,A2_QUICKLOOK_FIRST,single_request,24,0,0.0,0.0,0.13798057582897535,3,0
24/8/1,1,VEHICLE_MOUNTED,COMBINED_DEGRADED,MT2_ROUTE_RECON_FIRST,A3_ROI_FIRST,single_request,24,6,0.25,0.1199920347934233,0.4489982531210644,1,0
24/8/1,1,VEHICLE_MOUNTED,COMBINED_DEGRADED,MT2_ROUTE_RECON_FIRST,A4_PROGRESSIVE,single_request,24,6,0.25,0.1199920347934233,0.4489982531210644,1,0
24/8/1,1,VEHICLE_MOUNTED,COMBINED_DEGRADED,MT2_ROUTE_RECON_FIRST,A5_CONTACT_AWARE,single_request,24,6,0.25,0.1199920347934233,0.4489982531210644,1,0
24/8/1,1,VEHICLE_MOUNTED,COMBINED_DEGRADED,MT2_ROUTE_RECON_FIRST,A6_THREAD_AWARE_PRIORITY,single_request,24,6,0.25,0.1199920347934233,0.4489982531210644,1,0
24/8/1,1,VEHICLE_MOUNTED,COMBINED_DEGRADED,MT3_BATTLE_DAMAGE_ASSESSMENT,A0_GROUND_ONLY,single_request,24,0,0.0,0.0,0.13798057582897535,8,0
24/8/1,1,VEHICLE_MOUNTED,COMBINED_DEGRADED,MT3_BATTLE_DAMAGE_ASSESSMENT,A1_COMPRESSED_FULL,single_request,24,3,0.125,0.04344255039315584,0.3100428814785757,3,0
24/8/1,1,VEHICLE_MOUNTED,COMBINED_DEGRADED,MT3_BATTLE_DAMAGE_ASSESSMENT,A2_QUICKLOOK_FIRST,single_request,24,0,0.0,0.0,0.13798057582897535,8,0
24/8/1,1,VEHICLE_MOUNTED,COMBINED_DEGRADED,MT3_BATTLE_DAMAGE_ASSESSMENT,A3_ROI_FIRST,single_request,24,6,0.25,0.1199920347934233,0.4489982531210644,3,0
24/8/1,1,VEHICLE_MOUNTED,COMBINED_DEGRADED,MT3_BATTLE_DAMAGE_ASSESSMENT,A4_PROGRESSIVE,single_request,24,6,0.25,0.1199920347934233,0.4489982531210644,3,0
24/8/1,1,VEHICLE_MOUNTED,COMBINED_DEGRADED,MT3_BATTLE_DAMAGE_ASSESSMENT,A5_CONTACT_AWARE,single_request,24,3,0.125,0.04344255039315584,0.3100428814785757,3,0
24/8/1,1,VEHICLE_MOUNTED,COMBINED_DEGRADED,MT3_BATTLE_DAMAGE_ASSESSMENT,A6_THREAD_AWARE_PRIORITY,single_request,24,6,0.25,0.1199920347934233,0.4489982531210644,3,0
24/8/1,1,VEHICLE_MOUNTED,COMBINED_DEGRADED,MT4_PERSISTENT_MONITORING,A0_GROUND_ONLY,independent_opportunities,6,0,0.0,0.0,0.3903430336530645,,
24/8/1,1,VEHICLE_MOUNTED,COMBINED_DEGRADED,MT4_PERSISTENT_MONITORING,A1_COMPRESSED_FULL,independent_opportunities,6,0,0.0,0.0,0.3903430336530645,,
24/8/1,1,VEHICLE_MOUNTED,COMBINED_DEGRADED,MT4_PERSISTENT_MONITORING,A2_QUICKLOOK_FIRST,independent_opportunities,6,0,0.0,0.0,0.3903430336530645,,
24/8/1,1,VEHICLE_MOUNTED,COMBINED_DEGRADED,MT4_PERSISTENT_MONITORING,A3_ROI_FIRST,independent_opportunities,6,0,0.0,0.0,0.3903430336530645,,
24/8/1,1,VEHICLE_MOUNTED,COMBINED_DEGRADED,MT4_PERSISTENT_MONITORING,A4_PROGRESSIVE,independent_opportunities,6,0,0.0,0.0,0.3903430336530645,,
24/8/1,1,VEHICLE_MOUNTED,COMBINED_DEGRADED,MT4_PERSISTENT_MONITORING,A5_CONTACT_AWARE,independent_opportunities,6,0,0.0,0.0,0.3903430336530645,,
24/8/1,1,VEHICLE_MOUNTED,COMBINED_DEGRADED,MT4_PERSISTENT_MONITORING,A6_THREAD_AWARE_PRIORITY,independent_opportunities,6,0,0.0,0.0,0.3903430336530645,,
24/8/1,1,VEHICLE_MOUNTED,NOMINAL,MT1_TIME_SENSITIVE_CUEING,A0_GROUND_ONLY,single_request,24,0,0.0,0.0,0.13798057582897535,0,0
24/8/1,1,VEHICLE_MOUNTED,NOMINAL,MT1_TIME_SENSITIVE_CUEING,A1_COMPRESSED_FULL,single_request,24,0,0.0,0.0,0.13798057582897535,0,0
24/8/1,1,VEHICLE_MOUNTED,NOMINAL,MT1_TIME_SENSITIVE_CUEING,A2_QUICKLOOK_FIRST,single_request,24,2,0.08333333333333333,0.023158327842973503,0.258492152014506,0,0
24/8/1,1,VEHICLE_MOUNTED,NOMINAL,MT1_TIME_SENSITIVE_CUEING,A3_ROI_FIRST,single_request,24,0,0.0,0.0,0.13798057582897535,0,0
24/8/1,1,VEHICLE_MOUNTED,NOMINAL,MT1_TIME_SENSITIVE_CUEING,A4_PROGRESSIVE,single_request,24,1,0.041666666666666664,0.007393265354805126,0.20242226248842232,0,0
24/8/1,1,VEHICLE_MOUNTED,NOMINAL,MT1_TIME_SENSITIVE_CUEING,A5_CONTACT_AWARE,single_request,24,0,0.0,0.0,0.13798057582897535,0,0
24/8/1,1,VEHICLE_MOUNTED,NOMINAL,MT1_TIME_SENSITIVE_CUEING,A6_THREAD_AWARE_PRIORITY,single_request,24,1,0.041666666666666664,0.007393265354805126,0.20242226248842232,0,0
24/8/1,1,VEHICLE_MOUNTED,NOMINAL,MT2_ROUTE_RECON_FIRST,A0_GROUND_ONLY,single_request,24,2,0.08333333333333333,0.023158327842973503,0.258492152014506,2,0
24/8/1,1,VEHICLE_MOUNTED,NOMINAL,MT2_ROUTE_RECON_FIRST,A1_COMPRESSED_FULL,single_request,24,11,0.4583333333333333,0.2789105835168143,0.6492544644689336,0,0
24/8/1,1,VEHICLE_MOUNTED,NOMINAL,MT2_ROUTE_RECON_FIRST,A2_QUICKLOOK_FIRST,single_request,24,2,0.08333333333333333,0.023158327842973503,0.258492152014506,2,0
24/8/1,1,VEHICLE_MOUNTED,NOMINAL,MT2_ROUTE_RECON_FIRST,A3_ROI_FIRST,single_request,24,12,0.5,0.31427131627763083,0.6857286837223692,0,0
24/8/1,1,VEHICLE_MOUNTED,NOMINAL,MT2_ROUTE_RECON_FIRST,A4_PROGRESSIVE,single_request,24,12,0.5,0.31427131627763083,0.6857286837223692,0,0
24/8/1,1,VEHICLE_MOUNTED,NOMINAL,MT2_ROUTE_RECON_FIRST,A5_CONTACT_AWARE,single_request,24,11,0.4583333333333333,0.2789105835168143,0.6492544644689336,0,0
24/8/1,1,VEHICLE_MOUNTED,NOMINAL,MT2_ROUTE_RECON_FIRST,A6_THREAD_AWARE_PRIORITY,single_request,24,12,0.5,0.31427131627763083,0.6857286837223692,0,0
24/8/1,1,VEHICLE_MOUNTED,NOMINAL,MT3_BATTLE_DAMAGE_ASSESSMENT,A0_GROUND_ONLY,single_request,24,6,0.25,0.1199920347934233,0.4489982531210644,2,0
24/8/1,1,VEHICLE_MOUNTED,NOMINAL,MT3_BATTLE_DAMAGE_ASSESSMENT,A1_COMPRESSED_FULL,single_request,24,13,0.5416666666666666,0.35074553553106635,0.7210894164831857,0,0
24/8/1,1,VEHICLE_MOUNTED,NOMINAL,MT3_BATTLE_DAMAGE_ASSESSMENT,A2_QUICKLOOK_FIRST,single_request,24,6,0.25,0.1199920347934233,0.4489982531210644,2,0
24/8/1,1,VEHICLE_MOUNTED,NOMINAL,MT3_BATTLE_DAMAGE_ASSESSMENT,A3_ROI_FIRST,single_request,24,14,0.5833333333333334,0.3883433764938864,0.7553265275346177,0,0
24/8/1,1,VEHICLE_MOUNTED,NOMINAL,MT3_BATTLE_DAMAGE_ASSESSMENT,A4_PROGRESSIVE,single_request,24,14,0.5833333333333334,0.3883433764938864,0.7553265275346177,0,0
24/8/1,1,VEHICLE_MOUNTED,NOMINAL,MT3_BATTLE_DAMAGE_ASSESSMENT,A5_CONTACT_AWARE,single_request,24,13,0.5416666666666666,0.35074553553106635,0.7210894164831857,0,0
24/8/1,1,VEHICLE_MOUNTED,NOMINAL,MT3_BATTLE_DAMAGE_ASSESSMENT,A6_THREAD_AWARE_PRIORITY,single_request,24,14,0.5833333333333334,0.3883433764938864,0.7553265275346177,0,0
24/8/1,1,VEHICLE_MOUNTED,NOMINAL,MT4_PERSISTENT_MONITORING,A0_GROUND_ONLY,independent_opportunities,1,0,0.0,,,,
24/8/1,1,VEHICLE_MOUNTED,NOMINAL,MT4_PERSISTENT_MONITORING,A1_COMPRESSED_FULL,independent_opportunities,1,0,0.0,,,,
24/8/1,1,VEHICLE_MOUNTED,NOMINAL,MT4_PERSISTENT_MONITORING,A2_QUICKLOOK_FIRST,independent_opportunities,1,0,0.0,,,,
24/8/1,1,VEHICLE_MOUNTED,NOMINAL,MT4_PERSISTENT_MONITORING,A3_ROI_FIRST,independent_opportunities,1,0,0.0,,,,
24/8/1,1,VEHICLE_MOUNTED,NOMINAL,MT4_PERSISTENT_MONITORING,A4_PROGRESSIVE,independent_opportunities,1,1,1.0,,,,
24/8/1,1,VEHICLE_MOUNTED,NOMINAL,MT4_PERSISTENT_MONITORING,A5_CONTACT_AWARE,independent_opportunities,1,0,0.0,,,,
24/8/1,1,VEHICLE_MOUNTED,NOMINAL,MT4_PERSISTENT_MONITORING,A6_THREAD_AWARE_PRIORITY,independent_opportunities,1,1,1.0,,,,
24/8/1,4,DISMOUNTED_MANPACK,COMBINED_DEGRADED,MT1_TIME_SENSITIVE_CUEING,A0_GROUND_ONLY,single_request,24,0,0.0,0.0,0.13798057582897535,16,0
24/8/1,4,DISMOUNTED_MANPACK,COMBINED_DEGRADED,MT1_TIME_SENSITIVE_CUEING,A1_COMPRESSED_FULL,single_request,24,0,0.0,0.0,0.13798057582897535,7,0
24/8/1,4,DISMOUNTED_MANPACK,COMBINED_DEGRADED,MT1_TIME_SENSITIVE_CUEING,A2_QUICKLOOK_FIRST,single_request,24,0,0.0,0.0,0.13798057582897535,1,0
24/8/1,4,DISMOUNTED_MANPACK,COMBINED_DEGRADED,MT1_TIME_SENSITIVE_CUEING,A3_ROI_FIRST,single_request,24,0,0.0,0.0,0.13798057582897535,17,0
24/8/1,4,DISMOUNTED_MANPACK,COMBINED_DEGRADED,MT1_TIME_SENSITIVE_CUEING,A4_PROGRESSIVE,single_request,24,0,0.0,0.0,0.13798057582897535,1,0
24/8/1,4,DISMOUNTED_MANPACK,COMBINED_DEGRADED,MT1_TIME_SENSITIVE_CUEING,A5_CONTACT_AWARE,single_request,24,0,0.0,0.0,0.13798057582897535,16,0
24/8/1,4,DISMOUNTED_MANPACK,COMBINED_DEGRADED,MT1_TIME_SENSITIVE_CUEING,A6_THREAD_AWARE_PRIORITY,single_request,24,0,0.0,0.0,0.13798057582897535,1,0
24/8/1,4,DISMOUNTED_MANPACK,COMBINED_DEGRADED,MT2_ROUTE_RECON_FIRST,A0_GROUND_ONLY,single_request,24,0,0.0,0.0,0.13798057582897535,19,0
24/8/1,4,DISMOUNTED_MANPACK,COMBINED_DEGRADED,MT2_ROUTE_RECON_FIRST,A1_COMPRESSED_FULL,single_request,24,0,0.0,0.0,0.13798057582897535,9,0
24/8/1,4,DISMOUNTED_MANPACK,COMBINED_DEGRADED,MT2_ROUTE_RECON_FIRST,A2_QUICKLOOK_FIRST,single_request,24,0,0.0,0.0,0.13798057582897535,19,0
24/8/1,4,DISMOUNTED_MANPACK,COMBINED_DEGRADED,MT2_ROUTE_RECON_FIRST,A3_ROI_FIRST,single_request,24,9,0.375,0.21159133433631458,0.5729038096209293,1,0
24/8/1,4,DISMOUNTED_MANPACK,COMBINED_DEGRADED,MT2_ROUTE_RECON_FIRST,A4_PROGRESSIVE,single_request,24,8,0.3333333333333333,0.17971978688379642,0.5329404050591954,2,0
24/8/1,4,DISMOUNTED_MANPACK,COMBINED_DEGRADED,MT2_ROUTE_RECON_FIRST,A5_CONTACT_AWARE,single_request,24,0,0.0,0.0,0.13798057582897535,19,0
24/8/1,4,DISMOUNTED_MANPACK,COMBINED_DEGRADED,MT2_ROUTE_RECON_FIRST,A6_THREAD_AWARE_PRIORITY,single_request,24,9,0.375,0.21159133433631458,0.5729038096209293,2,0
24/8/1,4,DISMOUNTED_MANPACK,COMBINED_DEGRADED,MT3_BATTLE_DAMAGE_ASSESSMENT,A0_GROUND_ONLY,single_request,24,0,0.0,0.0,0.13798057582897535,18,0
24/8/1,4,DISMOUNTED_MANPACK,COMBINED_DEGRADED,MT3_BATTLE_DAMAGE_ASSESSMENT,A1_COMPRESSED_FULL,single_request,24,0,0.0,0.0,0.13798057582897535,5,0
24/8/1,4,DISMOUNTED_MANPACK,COMBINED_DEGRADED,MT3_BATTLE_DAMAGE_ASSESSMENT,A2_QUICKLOOK_FIRST,single_request,24,0,0.0,0.0,0.13798057582897535,18,0
24/8/1,4,DISMOUNTED_MANPACK,COMBINED_DEGRADED,MT3_BATTLE_DAMAGE_ASSESSMENT,A3_ROI_FIRST,single_request,24,9,0.375,0.21159133433631458,0.5729038096209293,0,0
24/8/1,4,DISMOUNTED_MANPACK,COMBINED_DEGRADED,MT3_BATTLE_DAMAGE_ASSESSMENT,A4_PROGRESSIVE,single_request,24,7,0.2916666666666667,0.14914460334164278,0.49168063658709704,2,0
24/8/1,4,DISMOUNTED_MANPACK,COMBINED_DEGRADED,MT3_BATTLE_DAMAGE_ASSESSMENT,A5_CONTACT_AWARE,single_request,24,0,0.0,0.0,0.13798057582897535,18,0
24/8/1,4,DISMOUNTED_MANPACK,COMBINED_DEGRADED,MT3_BATTLE_DAMAGE_ASSESSMENT,A6_THREAD_AWARE_PRIORITY,single_request,24,9,0.375,0.21159133433631458,0.5729038096209293,0,0
24/8/1,4,DISMOUNTED_MANPACK,COMBINED_DEGRADED,MT4_PERSISTENT_MONITORING,A0_GROUND_ONLY,independent_opportunities,6,0,0.0,0.0,0.3903430336530645,,
24/8/1,4,DISMOUNTED_MANPACK,COMBINED_DEGRADED,MT4_PERSISTENT_MONITORING,A1_COMPRESSED_FULL,independent_opportunities,6,0,0.0,0.0,0.3903430336530645,,
24/8/1,4,DISMOUNTED_MANPACK,COMBINED_DEGRADED,MT4_PERSISTENT_MONITORING,A2_QUICKLOOK_FIRST,independent_opportunities,6,0,0.0,0.0,0.3903430336530645,,
24/8/1,4,DISMOUNTED_MANPACK,COMBINED_DEGRADED,MT4_PERSISTENT_MONITORING,A3_ROI_FIRST,independent_opportunities,6,0,0.0,0.0,0.3903430336530645,,
24/8/1,4,DISMOUNTED_MANPACK,COMBINED_DEGRADED,MT4_PERSISTENT_MONITORING,A4_PROGRESSIVE,independent_opportunities,6,0,0.0,0.0,0.3903430336530645,,
24/8/1,4,DISMOUNTED_MANPACK,COMBINED_DEGRADED,MT4_PERSISTENT_MONITORING,A5_CONTACT_AWARE,independent_opportunities,6,0,0.0,0.0,0.3903430336530645,,
24/8/1,4,DISMOUNTED_MANPACK,COMBINED_DEGRADED,MT4_PERSISTENT_MONITORING,A6_THREAD_AWARE_PRIORITY,independent_opportunities,6,0,0.0,0.0,0.3903430336530645,,
24/8/1,4,DISMOUNTED_MANPACK,NOMINAL,MT1_TIME_SENSITIVE_CUEING,A0_GROUND_ONLY,single_request,24,0,0.0,0.0,0.13798057582897535,6,0
24/8/1,4,DISMOUNTED_MANPACK,NOMINAL,MT1_TIME_SENSITIVE_CUEING,A1_COMPRESSED_FULL,single_request,24,0,0.0,0.0,0.13798057582897535,1,0
24/8/1,4,DISMOUNTED_MANPACK,NOMINAL,MT1_TIME_SENSITIVE_CUEING,A2_QUICKLOOK_FIRST,single_request,24,0,0.0,0.0,0.13798057582897535,0,0
24/8/1,4,DISMOUNTED_MANPACK,NOMINAL,MT1_TIME_SENSITIVE_CUEING,A3_ROI_FIRST,single_request,24,0,0.0,0.0,0.13798057582897535,6,0
24/8/1,4,DISMOUNTED_MANPACK,NOMINAL,MT1_TIME_SENSITIVE_CUEING,A4_PROGRESSIVE,single_request,24,0,0.0,0.0,0.13798057582897535,0,0
24/8/1,4,DISMOUNTED_MANPACK,NOMINAL,MT1_TIME_SENSITIVE_CUEING,A5_CONTACT_AWARE,single_request,24,0,0.0,0.0,0.13798057582897535,6,0
24/8/1,4,DISMOUNTED_MANPACK,NOMINAL,MT1_TIME_SENSITIVE_CUEING,A6_THREAD_AWARE_PRIORITY,single_request,24,0,0.0,0.0,0.13798057582897535,0,0
24/8/1,4,DISMOUNTED_MANPACK,NOMINAL,MT2_ROUTE_RECON_FIRST,A0_GROUND_ONLY,single_request,24,0,0.0,0.0,0.13798057582897535,5,0
24/8/1,4,DISMOUNTED_MANPACK,NOMINAL,MT2_ROUTE_RECON_FIRST,A1_COMPRESSED_FULL,single_request,24,0,0.0,0.0,0.13798057582897535,2,0
24/8/1,4,DISMOUNTED_MANPACK,NOMINAL,MT2_ROUTE_RECON_FIRST,A2_QUICKLOOK_FIRST,single_request,24,0,0.0,0.0,0.13798057582897535,5,0
24/8/1,4,DISMOUNTED_MANPACK,NOMINAL,MT2_ROUTE_RECON_FIRST,A3_ROI_FIRST,single_request,24,10,0.4166666666666667,0.24467347246538232,0.6116566235061137,0,0
24/8/1,4,DISMOUNTED_MANPACK,NOMINAL,MT2_ROUTE_RECON_FIRST,A4_PROGRESSIVE,single_request,24,10,0.4166666666666667,0.24467347246538232,0.6116566235061137,0,0
24/8/1,4,DISMOUNTED_MANPACK,NOMINAL,MT2_ROUTE_RECON_FIRST,A5_CONTACT_AWARE,single_request,24,0,0.0,0.0,0.13798057582897535,4,0
24/8/1,4,DISMOUNTED_MANPACK,NOMINAL,MT2_ROUTE_RECON_FIRST,A6_THREAD_AWARE_PRIORITY,single_request,24,10,0.4166666666666667,0.24467347246538232,0.6116566235061137,0,0
24/8/1,4,DISMOUNTED_MANPACK,NOMINAL,MT3_BATTLE_DAMAGE_ASSESSMENT,A0_GROUND_ONLY,single_request,24,0,0.0,0.0,0.13798057582897535,6,0
24/8/1,4,DISMOUNTED_MANPACK,NOMINAL,MT3_BATTLE_DAMAGE_ASSESSMENT,A1_COMPRESSED_FULL,single_request,24,0,0.0,0.0,0.13798057582897535,3,0
24/8/1,4,DISMOUNTED_MANPACK,NOMINAL,MT3_BATTLE_DAMAGE_ASSESSMENT,A2_QUICKLOOK_FIRST,single_request,24,0,0.0,0.0,0.13798057582897535,6,0
24/8/1,4,DISMOUNTED_MANPACK,NOMINAL,MT3_BATTLE_DAMAGE_ASSESSMENT,A3_ROI_FIRST,single_request,24,8,0.3333333333333333,0.17971978688379642,0.5329404050591954,0,0
24/8/1,4,DISMOUNTED_MANPACK,NOMINAL,MT3_BATTLE_DAMAGE_ASSESSMENT,A4_PROGRESSIVE,single_request,24,7,0.2916666666666667,0.14914460334164278,0.49168063658709704,0,0
24/8/1,4,DISMOUNTED_MANPACK,NOMINAL,MT3_BATTLE_DAMAGE_ASSESSMENT,A5_CONTACT_AWARE,single_request,24,0,0.0,0.0,0.13798057582897535,5,0
24/8/1,4,DISMOUNTED_MANPACK,NOMINAL,MT3_BATTLE_DAMAGE_ASSESSMENT,A6_THREAD_AWARE_PRIORITY,single_request,24,8,0.3333333333333333,0.17971978688379642,0.5329404050591954,0,0
24/8/1,4,DISMOUNTED_MANPACK,NOMINAL,MT4_PERSISTENT_MONITORING,A0_GROUND_ONLY,independent_opportunities,1,0,0.0,,,,
24/8/1,4,DISMOUNTED_MANPACK,NOMINAL,MT4_PERSISTENT_MONITORING,A1_COMPRESSED_FULL,independent_opportunities,1,0,0.0,,,,
24/8/1,4,DISMOUNTED_MANPACK,NOMINAL,MT4_PERSISTENT_MONITORING,A2_QUICKLOOK_FIRST,independent_opportunities,1,0,0.0,,,,
24/8/1,4,DISMOUNTED_MANPACK,NOMINAL,MT4_PERSISTENT_MONITORING,A3_ROI_FIRST,independent_opportunities,1,0,0.0,,,,
24/8/1,4,DISMOUNTED_MANPACK,NOMINAL,MT4_PERSISTENT_MONITORING,A4_PROGRESSIVE,independent_opportunities,1,1,1.0,,,,
24/8/1,4,DISMOUNTED_MANPACK,NOMINAL,MT4_PERSISTENT_MONITORING,A5_CONTACT_AWARE,independent_opportunities,1,0,0.0,,,,
24/8/1,4,DISMOUNTED_MANPACK,NOMINAL,MT4_PERSISTENT_MONITORING,A6_THREAD_AWARE_PRIORITY,independent_opportunities,1,1,1.0,,,,
24/8/1,4,VEHICLE_MOUNTED,COMBINED_DEGRADED,MT1_TIME_SENSITIVE_CUEING,A0_GROUND_ONLY,single_request,24,0,0.0,0.0,0.13798057582897535,2,0
24/8/1,4,VEHICLE_MOUNTED,COMBINED_DEGRADED,MT1_TIME_SENSITIVE_CUEING,A1_COMPRESSED_FULL,single_request,24,0,0.0,0.0,0.13798057582897535,0,0
24/8/1,4,VEHICLE_MOUNTED,COMBINED_DEGRADED,MT1_TIME_SENSITIVE_CUEING,A2_QUICKLOOK_FIRST,single_request,24,0,0.0,0.0,0.13798057582897535,0,0
24/8/1,4,VEHICLE_MOUNTED,COMBINED_DEGRADED,MT1_TIME_SENSITIVE_CUEING,A3_ROI_FIRST,single_request,24,0,0.0,0.0,0.13798057582897535,2,0
24/8/1,4,VEHICLE_MOUNTED,COMBINED_DEGRADED,MT1_TIME_SENSITIVE_CUEING,A4_PROGRESSIVE,single_request,24,0,0.0,0.0,0.13798057582897535,0,0
24/8/1,4,VEHICLE_MOUNTED,COMBINED_DEGRADED,MT1_TIME_SENSITIVE_CUEING,A5_CONTACT_AWARE,single_request,24,0,0.0,0.0,0.13798057582897535,0,0
24/8/1,4,VEHICLE_MOUNTED,COMBINED_DEGRADED,MT1_TIME_SENSITIVE_CUEING,A6_THREAD_AWARE_PRIORITY,single_request,24,0,0.0,0.0,0.13798057582897535,0,0
24/8/1,4,VEHICLE_MOUNTED,COMBINED_DEGRADED,MT2_ROUTE_RECON_FIRST,A0_GROUND_ONLY,single_request,24,4,0.16666666666666666,0.06678568000728924,0.3585347038786943,3,0
24/8/1,4,VEHICLE_MOUNTED,COMBINED_DEGRADED,MT2_ROUTE_RECON_FIRST,A1_COMPRESSED_FULL,single_request,24,10,0.4166666666666667,0.24467347246538232,0.6116566235061137,1,0
24/8/1,4,VEHICLE_MOUNTED,COMBINED_DEGRADED,MT2_ROUTE_RECON_FIRST,A2_QUICKLOOK_FIRST,single_request,24,4,0.16666666666666666,0.06678568000728924,0.3585347038786943,3,0
24/8/1,4,VEHICLE_MOUNTED,COMBINED_DEGRADED,MT2_ROUTE_RECON_FIRST,A3_ROI_FIRST,single_request,24,10,0.4166666666666667,0.24467347246538232,0.6116566235061137,1,0
24/8/1,4,VEHICLE_MOUNTED,COMBINED_DEGRADED,MT2_ROUTE_RECON_FIRST,A4_PROGRESSIVE,single_request,24,10,0.4166666666666667,0.24467347246538232,0.6116566235061137,1,0
24/8/1,4,VEHICLE_MOUNTED,COMBINED_DEGRADED,MT2_ROUTE_RECON_FIRST,A5_CONTACT_AWARE,single_request,24,10,0.4166666666666667,0.24467347246538232,0.6116566235061137,1,0
24/8/1,4,VEHICLE_MOUNTED,COMBINED_DEGRADED,MT2_ROUTE_RECON_FIRST,A6_THREAD_AWARE_PRIORITY,single_request,24,10,0.4166666666666667,0.24467347246538232,0.6116566235061137,1,0
24/8/1,4,VEHICLE_MOUNTED,COMBINED_DEGRADED,MT3_BATTLE_DAMAGE_ASSESSMENT,A0_GROUND_ONLY,single_request,24,2,0.08333333333333333,0.023158327842973503,0.258492152014506,1,0
24/8/1,4,VEHICLE_MOUNTED,COMBINED_DEGRADED,MT3_BATTLE_DAMAGE_ASSESSMENT,A1_COMPRESSED_FULL,single_request,24,5,0.20833333333333334,0.0924468910478809,0.40470844485235474,0,0
24/8/1,4,VEHICLE_MOUNTED,COMBINED_DEGRADED,MT3_BATTLE_DAMAGE_ASSESSMENT,A2_QUICKLOOK_FIRST,single_request,24,2,0.08333333333333333,0.023158327842973503,0.258492152014506,1,0
24/8/1,4,VEHICLE_MOUNTED,COMBINED_DEGRADED,MT3_BATTLE_DAMAGE_ASSESSMENT,A3_ROI_FIRST,single_request,24,6,0.25,0.1199920347934233,0.4489982531210644,0,0
24/8/1,4,VEHICLE_MOUNTED,COMBINED_DEGRADED,MT3_BATTLE_DAMAGE_ASSESSMENT,A4_PROGRESSIVE,single_request,24,6,0.25,0.1199920347934233,0.4489982531210644,0,0
24/8/1,4,VEHICLE_MOUNTED,COMBINED_DEGRADED,MT3_BATTLE_DAMAGE_ASSESSMENT,A5_CONTACT_AWARE,single_request,24,5,0.20833333333333334,0.0924468910478809,0.40470844485235474,1,0
24/8/1,4,VEHICLE_MOUNTED,COMBINED_DEGRADED,MT3_BATTLE_DAMAGE_ASSESSMENT,A6_THREAD_AWARE_PRIORITY,single_request,24,6,0.25,0.1199920347934233,0.4489982531210644,0,0
24/8/1,4,VEHICLE_MOUNTED,COMBINED_DEGRADED,MT4_PERSISTENT_MONITORING,A0_GROUND_ONLY,independent_opportunities,6,0,0.0,0.0,0.3903430336530645,,
24/8/1,4,VEHICLE_MOUNTED,COMBINED_DEGRADED,MT4_PERSISTENT_MONITORING,A1_COMPRESSED_FULL,independent_opportunities,6,0,0.0,0.0,0.3903430336530645,,
24/8/1,4,VEHICLE_MOUNTED,COMBINED_DEGRADED,MT4_PERSISTENT_MONITORING,A2_QUICKLOOK_FIRST,independent_opportunities,6,0,0.0,0.0,0.3903430336530645,,
24/8/1,4,VEHICLE_MOUNTED,COMBINED_DEGRADED,MT4_PERSISTENT_MONITORING,A3_ROI_FIRST,independent_opportunities,6,0,0.0,0.0,0.3903430336530645,,
24/8/1,4,VEHICLE_MOUNTED,COMBINED_DEGRADED,MT4_PERSISTENT_MONITORING,A4_PROGRESSIVE,independent_opportunities,6,0,0.0,0.0,0.3903430336530645,,
24/8/1,4,VEHICLE_MOUNTED,COMBINED_DEGRADED,MT4_PERSISTENT_MONITORING,A5_CONTACT_AWARE,independent_opportunities,6,0,0.0,0.0,0.3903430336530645,,
24/8/1,4,VEHICLE_MOUNTED,COMBINED_DEGRADED,MT4_PERSISTENT_MONITORING,A6_THREAD_AWARE_PRIORITY,independent_opportunities,6,0,0.0,0.0,0.3903430336530645,,
24/8/1,4,VEHICLE_MOUNTED,NOMINAL,MT1_TIME_SENSITIVE_CUEING,A0_GROUND_ONLY,single_request,24,0,0.0,0.0,0.13798057582897535,0,0
24/8/1,4,VEHICLE_MOUNTED,NOMINAL,MT1_TIME_SENSITIVE_CUEING,A1_COMPRESSED_FULL,single_request,24,0,0.0,0.0,0.13798057582897535,0,0
24/8/1,4,VEHICLE_MOUNTED,NOMINAL,MT1_TIME_SENSITIVE_CUEING,A2_QUICKLOOK_FIRST,single_request,24,1,0.041666666666666664,0.007393265354805126,0.20242226248842232,0,0
24/8/1,4,VEHICLE_MOUNTED,NOMINAL,MT1_TIME_SENSITIVE_CUEING,A3_ROI_FIRST,single_request,24,0,0.0,0.0,0.13798057582897535,0,0
24/8/1,4,VEHICLE_MOUNTED,NOMINAL,MT1_TIME_SENSITIVE_CUEING,A4_PROGRESSIVE,single_request,24,1,0.041666666666666664,0.007393265354805126,0.20242226248842232,0,0
24/8/1,4,VEHICLE_MOUNTED,NOMINAL,MT1_TIME_SENSITIVE_CUEING,A5_CONTACT_AWARE,single_request,24,0,0.0,0.0,0.13798057582897535,0,0
24/8/1,4,VEHICLE_MOUNTED,NOMINAL,MT1_TIME_SENSITIVE_CUEING,A6_THREAD_AWARE_PRIORITY,single_request,24,1,0.041666666666666664,0.007393265354805126,0.20242226248842232,0,0
24/8/1,4,VEHICLE_MOUNTED,NOMINAL,MT2_ROUTE_RECON_FIRST,A0_GROUND_ONLY,single_request,24,17,0.7083333333333334,0.508319363412903,0.8508553966583573,0,0
24/8/1,4,VEHICLE_MOUNTED,NOMINAL,MT2_ROUTE_RECON_FIRST,A1_COMPRESSED_FULL,single_request,24,17,0.7083333333333334,0.508319363412903,0.8508553966583573,0,0
24/8/1,4,VEHICLE_MOUNTED,NOMINAL,MT2_ROUTE_RECON_FIRST,A2_QUICKLOOK_FIRST,single_request,24,17,0.7083333333333334,0.508319363412903,0.8508553966583573,0,0
24/8/1,4,VEHICLE_MOUNTED,NOMINAL,MT2_ROUTE_RECON_FIRST,A3_ROI_FIRST,single_request,24,18,0.75,0.5510017468789357,0.8800079652065766,0,0
24/8/1,4,VEHICLE_MOUNTED,NOMINAL,MT2_ROUTE_RECON_FIRST,A4_PROGRESSIVE,single_request,24,17,0.7083333333333334,0.508319363412903,0.8508553966583573,0,0
24/8/1,4,VEHICLE_MOUNTED,NOMINAL,MT2_ROUTE_RECON_FIRST,A5_CONTACT_AWARE,single_request,24,17,0.7083333333333334,0.508319363412903,0.8508553966583573,0,0
24/8/1,4,VEHICLE_MOUNTED,NOMINAL,MT2_ROUTE_RECON_FIRST,A6_THREAD_AWARE_PRIORITY,single_request,24,18,0.75,0.5510017468789357,0.8800079652065766,0,0
24/8/1,4,VEHICLE_MOUNTED,NOMINAL,MT3_BATTLE_DAMAGE_ASSESSMENT,A0_GROUND_ONLY,single_request,24,8,0.3333333333333333,0.17971978688379642,0.5329404050591954,0,0
24/8/1,4,VEHICLE_MOUNTED,NOMINAL,MT3_BATTLE_DAMAGE_ASSESSMENT,A1_COMPRESSED_FULL,single_request,24,8,0.3333333333333333,0.17971978688379642,0.5329404050591954,0,0
24/8/1,4,VEHICLE_MOUNTED,NOMINAL,MT3_BATTLE_DAMAGE_ASSESSMENT,A2_QUICKLOOK_FIRST,single_request,24,7,0.2916666666666667,0.14914460334164278,0.49168063658709704,0,0
24/8/1,4,VEHICLE_MOUNTED,NOMINAL,MT3_BATTLE_DAMAGE_ASSESSMENT,A3_ROI_FIRST,single_request,24,8,0.3333333333333333,0.17971978688379642,0.5329404050591954,0,0
24/8/1,4,VEHICLE_MOUNTED,NOMINAL,MT3_BATTLE_DAMAGE_ASSESSMENT,A4_PROGRESSIVE,single_request,24,8,0.3333333333333333,0.17971978688379642,0.5329404050591954,0,0
24/8/1,4,VEHICLE_MOUNTED,NOMINAL,MT3_BATTLE_DAMAGE_ASSESSMENT,A5_CONTACT_AWARE,single_request,24,8,0.3333333333333333,0.17971978688379642,0.5329404050591954,0,0
24/8/1,4,VEHICLE_MOUNTED,NOMINAL,MT3_BATTLE_DAMAGE_ASSESSMENT,A6_THREAD_AWARE_PRIORITY,single_request,24,8,0.3333333333333333,0.17971978688379642,0.5329404050591954,0,0
24/8/1,4,VEHICLE_MOUNTED,NOMINAL,MT4_PERSISTENT_MONITORING,A0_GROUND_ONLY,independent_opportunities,1,1,1.0,,,,
24/8/1,4,VEHICLE_MOUNTED,NOMINAL,MT4_PERSISTENT_MONITORING,A1_COMPRESSED_FULL,independent_opportunities,1,1,1.0,,,,
24/8/1,4,VEHICLE_MOUNTED,NOMINAL,MT4_PERSISTENT_MONITORING,A2_QUICKLOOK_FIRST,independent_opportunities,1,1,1.0,,,,
24/8/1,4,VEHICLE_MOUNTED,NOMINAL,MT4_PERSISTENT_MONITORING,A3_ROI_FIRST,independent_opportunities,1,1,1.0,,,,
24/8/1,4,VEHICLE_MOUNTED,NOMINAL,MT4_PERSISTENT_MONITORING,A4_PROGRESSIVE,independent_opportunities,1,1,1.0,,,,
24/8/1,4,VEHICLE_MOUNTED,NOMINAL,MT4_PERSISTENT_MONITORING,A5_CONTACT_AWARE,independent_opportunities,1,1,1.0,,,,
24/8/1,4,VEHICLE_MOUNTED,NOMINAL,MT4_PERSISTENT_MONITORING,A6_THREAD_AWARE_PRIORITY,independent_opportunities,1,1,1.0,,,,
8/4/1,1,DISMOUNTED_MANPACK,COMBINED_DEGRADED,MT1_TIME_SENSITIVE_CUEING,A0_GROUND_ONLY,single_request,24,0,0.0,0.0,0.13798057582897535,24,0
8/4/1,1,DISMOUNTED_MANPACK,COMBINED_DEGRADED,MT1_TIME_SENSITIVE_CUEING,A1_COMPRESSED_FULL,single_request,24,0,0.0,0.0,0.13798057582897535,16,0
8/4/1,1,DISMOUNTED_MANPACK,COMBINED_DEGRADED,MT1_TIME_SENSITIVE_CUEING,A2_QUICKLOOK_FIRST,single_request,24,0,0.0,0.0,0.13798057582897535,2,0
8/4/1,1,DISMOUNTED_MANPACK,COMBINED_DEGRADED,MT1_TIME_SENSITIVE_CUEING,A3_ROI_FIRST,single_request,24,0,0.0,0.0,0.13798057582897535,24,0
8/4/1,1,DISMOUNTED_MANPACK,COMBINED_DEGRADED,MT1_TIME_SENSITIVE_CUEING,A4_PROGRESSIVE,single_request,24,0,0.0,0.0,0.13798057582897535,2,0
8/4/1,1,DISMOUNTED_MANPACK,COMBINED_DEGRADED,MT1_TIME_SENSITIVE_CUEING,A5_CONTACT_AWARE,single_request,24,0,0.0,0.0,0.13798057582897535,24,0
8/4/1,1,DISMOUNTED_MANPACK,COMBINED_DEGRADED,MT1_TIME_SENSITIVE_CUEING,A6_THREAD_AWARE_PRIORITY,single_request,24,0,0.0,0.0,0.13798057582897535,2,0
8/4/1,1,DISMOUNTED_MANPACK,COMBINED_DEGRADED,MT2_ROUTE_RECON_FIRST,A0_GROUND_ONLY,single_request,24,0,0.0,0.0,0.13798057582897535,24,0
8/4/1,1,DISMOUNTED_MANPACK,COMBINED_DEGRADED,MT2_ROUTE_RECON_FIRST,A1_COMPRESSED_FULL,single_request,24,0,0.0,0.0,0.13798057582897535,12,0
8/4/1,1,DISMOUNTED_MANPACK,COMBINED_DEGRADED,MT2_ROUTE_RECON_FIRST,A2_QUICKLOOK_FIRST,single_request,24,0,0.0,0.0,0.13798057582897535,24,0
8/4/1,1,DISMOUNTED_MANPACK,COMBINED_DEGRADED,MT2_ROUTE_RECON_FIRST,A3_ROI_FIRST,single_request,24,1,0.041666666666666664,0.007393265354805126,0.20242226248842232,3,0
8/4/1,1,DISMOUNTED_MANPACK,COMBINED_DEGRADED,MT2_ROUTE_RECON_FIRST,A4_PROGRESSIVE,single_request,24,1,0.041666666666666664,0.007393265354805126,0.20242226248842232,3,0
8/4/1,1,DISMOUNTED_MANPACK,COMBINED_DEGRADED,MT2_ROUTE_RECON_FIRST,A5_CONTACT_AWARE,single_request,24,0,0.0,0.0,0.13798057582897535,24,0
8/4/1,1,DISMOUNTED_MANPACK,COMBINED_DEGRADED,MT2_ROUTE_RECON_FIRST,A6_THREAD_AWARE_PRIORITY,single_request,24,1,0.041666666666666664,0.007393265354805126,0.20242226248842232,3,0
8/4/1,1,DISMOUNTED_MANPACK,COMBINED_DEGRADED,MT3_BATTLE_DAMAGE_ASSESSMENT,A0_GROUND_ONLY,single_request,24,0,0.0,0.0,0.13798057582897535,24,0
8/4/1,1,DISMOUNTED_MANPACK,COMBINED_DEGRADED,MT3_BATTLE_DAMAGE_ASSESSMENT,A1_COMPRESSED_FULL,single_request,24,0,0.0,0.0,0.13798057582897535,16,0
8/4/1,1,DISMOUNTED_MANPACK,COMBINED_DEGRADED,MT3_BATTLE_DAMAGE_ASSESSMENT,A2_QUICKLOOK_FIRST,single_request,24,0,0.0,0.0,0.13798057582897535,24,0
8/4/1,1,DISMOUNTED_MANPACK,COMBINED_DEGRADED,MT3_BATTLE_DAMAGE_ASSESSMENT,A3_ROI_FIRST,single_request,24,0,0.0,0.0,0.13798057582897535,3,0
8/4/1,1,DISMOUNTED_MANPACK,COMBINED_DEGRADED,MT3_BATTLE_DAMAGE_ASSESSMENT,A4_PROGRESSIVE,single_request,24,0,0.0,0.0,0.13798057582897535,3,0
8/4/1,1,DISMOUNTED_MANPACK,COMBINED_DEGRADED,MT3_BATTLE_DAMAGE_ASSESSMENT,A5_CONTACT_AWARE,single_request,24,0,0.0,0.0,0.13798057582897535,24,0
8/4/1,1,DISMOUNTED_MANPACK,COMBINED_DEGRADED,MT3_BATTLE_DAMAGE_ASSESSMENT,A6_THREAD_AWARE_PRIORITY,single_request,24,0,0.0,0.0,0.13798057582897535,3,0
8/4/1,1,DISMOUNTED_MANPACK,COMBINED_DEGRADED,MT4_PERSISTENT_MONITORING,A0_GROUND_ONLY,independent_opportunities,6,0,0.0,0.0,0.3903430336530645,,
8/4/1,1,DISMOUNTED_MANPACK,COMBINED_DEGRADED,MT4_PERSISTENT_MONITORING,A1_COMPRESSED_FULL,independent_opportunities,6,0,0.0,0.0,0.3903430336530645,,
8/4/1,1,DISMOUNTED_MANPACK,COMBINED_DEGRADED,MT4_PERSISTENT_MONITORING,A2_QUICKLOOK_FIRST,independent_opportunities,6,0,0.0,0.0,0.3903430336530645,,
8/4/1,1,DISMOUNTED_MANPACK,COMBINED_DEGRADED,MT4_PERSISTENT_MONITORING,A3_ROI_FIRST,independent_opportunities,6,0,0.0,0.0,0.3903430336530645,,
8/4/1,1,DISMOUNTED_MANPACK,COMBINED_DEGRADED,MT4_PERSISTENT_MONITORING,A4_PROGRESSIVE,independent_opportunities,6,0,0.0,0.0,0.3903430336530645,,
8/4/1,1,DISMOUNTED_MANPACK,COMBINED_DEGRADED,MT4_PERSISTENT_MONITORING,A5_CONTACT_AWARE,independent_opportunities,6,0,0.0,0.0,0.3903430336530645,,
8/4/1,1,DISMOUNTED_MANPACK,COMBINED_DEGRADED,MT4_PERSISTENT_MONITORING,A6_THREAD_AWARE_PRIORITY,independent_opportunities,6,0,0.0,0.0,0.3903430336530645,,
8/4/1,1,DISMOUNTED_MANPACK,NOMINAL,MT1_TIME_SENSITIVE_CUEING,A0_GROUND_ONLY,single_request,24,0,0.0,0.0,0.13798057582897535,12,0
8/4/1,1,DISMOUNTED_MANPACK,NOMINAL,MT1_TIME_SENSITIVE_CUEING,A1_COMPRESSED_FULL,single_request,24,0,0.0,0.0,0.13798057582897535,6,0
8/4/1,1,DISMOUNTED_MANPACK,NOMINAL,MT1_TIME_SENSITIVE_CUEING,A2_QUICKLOOK_FIRST,single_request,24,0,0.0,0.0,0.13798057582897535,0,0
8/4/1,1,DISMOUNTED_MANPACK,NOMINAL,MT1_TIME_SENSITIVE_CUEING,A3_ROI_FIRST,single_request,24,0,0.0,0.0,0.13798057582897535,12,0
8/4/1,1,DISMOUNTED_MANPACK,NOMINAL,MT1_TIME_SENSITIVE_CUEING,A4_PROGRESSIVE,single_request,24,0,0.0,0.0,0.13798057582897535,0,0
8/4/1,1,DISMOUNTED_MANPACK,NOMINAL,MT1_TIME_SENSITIVE_CUEING,A5_CONTACT_AWARE,single_request,24,0,0.0,0.0,0.13798057582897535,12,0
8/4/1,1,DISMOUNTED_MANPACK,NOMINAL,MT1_TIME_SENSITIVE_CUEING,A6_THREAD_AWARE_PRIORITY,single_request,24,0,0.0,0.0,0.13798057582897535,0,0
8/4/1,1,DISMOUNTED_MANPACK,NOMINAL,MT2_ROUTE_RECON_FIRST,A0_GROUND_ONLY,single_request,24,0,0.0,0.0,0.13798057582897535,15,0
8/4/1,1,DISMOUNTED_MANPACK,NOMINAL,MT2_ROUTE_RECON_FIRST,A1_COMPRESSED_FULL,single_request,24,0,0.0,0.0,0.13798057582897535,5,0
8/4/1,1,DISMOUNTED_MANPACK,NOMINAL,MT2_ROUTE_RECON_FIRST,A2_QUICKLOOK_FIRST,single_request,24,0,0.0,0.0,0.13798057582897535,15,0
8/4/1,1,DISMOUNTED_MANPACK,NOMINAL,MT2_ROUTE_RECON_FIRST,A3_ROI_FIRST,single_request,24,3,0.125,0.04344255039315584,0.3100428814785757,0,0
8/4/1,1,DISMOUNTED_MANPACK,NOMINAL,MT2_ROUTE_RECON_FIRST,A4_PROGRESSIVE,single_request,24,3,0.125,0.04344255039315584,0.3100428814785757,2,0
8/4/1,1,DISMOUNTED_MANPACK,NOMINAL,MT2_ROUTE_RECON_FIRST,A5_CONTACT_AWARE,single_request,24,0,0.0,0.0,0.13798057582897535,15,0
8/4/1,1,DISMOUNTED_MANPACK,NOMINAL,MT2_ROUTE_RECON_FIRST,A6_THREAD_AWARE_PRIORITY,single_request,24,3,0.125,0.04344255039315584,0.3100428814785757,0,0
8/4/1,1,DISMOUNTED_MANPACK,NOMINAL,MT3_BATTLE_DAMAGE_ASSESSMENT,A0_GROUND_ONLY,single_request,24,0,0.0,0.0,0.13798057582897535,18,0
8/4/1,1,DISMOUNTED_MANPACK,NOMINAL,MT3_BATTLE_DAMAGE_ASSESSMENT,A1_COMPRESSED_FULL,single_request,24,0,0.0,0.0,0.13798057582897535,9,0
8/4/1,1,DISMOUNTED_MANPACK,NOMINAL,MT3_BATTLE_DAMAGE_ASSESSMENT,A2_QUICKLOOK_FIRST,single_request,24,0,0.0,0.0,0.13798057582897535,18,0
8/4/1,1,DISMOUNTED_MANPACK,NOMINAL,MT3_BATTLE_DAMAGE_ASSESSMENT,A3_ROI_FIRST,single_request,24,3,0.125,0.04344255039315584,0.3100428814785757,0,0
8/4/1,1,DISMOUNTED_MANPACK,NOMINAL,MT3_BATTLE_DAMAGE_ASSESSMENT,A4_PROGRESSIVE,single_request,24,2,0.08333333333333333,0.023158327842973503,0.258492152014506,1,0
8/4/1,1,DISMOUNTED_MANPACK,NOMINAL,MT3_BATTLE_DAMAGE_ASSESSMENT,A5_CONTACT_AWARE,single_request,24,0,0.0,0.0,0.13798057582897535,18,0
8/4/1,1,DISMOUNTED_MANPACK,NOMINAL,MT3_BATTLE_DAMAGE_ASSESSMENT,A6_THREAD_AWARE_PRIORITY,single_request,24,3,0.125,0.04344255039315584,0.3100428814785757,0,0
8/4/1,1,DISMOUNTED_MANPACK,NOMINAL,MT4_PERSISTENT_MONITORING,A0_GROUND_ONLY,independent_opportunities,1,0,0.0,,,,
8/4/1,1,DISMOUNTED_MANPACK,NOMINAL,MT4_PERSISTENT_MONITORING,A1_COMPRESSED_FULL,independent_opportunities,1,0,0.0,,,,
8/4/1,1,DISMOUNTED_MANPACK,NOMINAL,MT4_PERSISTENT_MONITORING,A2_QUICKLOOK_FIRST,independent_opportunities,1,0,0.0,,,,
8/4/1,1,DISMOUNTED_MANPACK,NOMINAL,MT4_PERSISTENT_MONITORING,A3_ROI_FIRST,independent_opportunities,1,0,0.0,,,,
8/4/1,1,DISMOUNTED_MANPACK,NOMINAL,MT4_PERSISTENT_MONITORING,A4_PROGRESSIVE,independent_opportunities,1,1,1.0,,,,
8/4/1,1,DISMOUNTED_MANPACK,NOMINAL,MT4_PERSISTENT_MONITORING,A5_CONTACT_AWARE,independent_opportunities,1,0,0.0,,,,
8/4/1,1,DISMOUNTED_MANPACK,NOMINAL,MT4_PERSISTENT_MONITORING,A6_THREAD_AWARE_PRIORITY,independent_opportunities,1,1,1.0,,,,
8/4/1,1,VEHICLE_MOUNTED,COMBINED_DEGRADED,MT1_TIME_SENSITIVE_CUEING,A0_GROUND_ONLY,single_request,24,0,0.0,0.0,0.13798057582897535,1,0
8/4/1,1,VEHICLE_MOUNTED,COMBINED_DEGRADED,MT1_TIME_SENSITIVE_CUEING,A1_COMPRESSED_FULL,single_request,24,0,0.0,0.0,0.13798057582897535,1,0
8/4/1,1,VEHICLE_MOUNTED,COMBINED_DEGRADED,MT1_TIME_SENSITIVE_CUEING,A2_QUICKLOOK_FIRST,single_request,24,0,0.0,0.0,0.13798057582897535,1,0
8/4/1,1,VEHICLE_MOUNTED,COMBINED_DEGRADED,MT1_TIME_SENSITIVE_CUEING,A3_ROI_FIRST,single_request,24,0,0.0,0.0,0.13798057582897535,1,0
8/4/1,1,VEHICLE_MOUNTED,COMBINED_DEGRADED,MT1_TIME_SENSITIVE_CUEING,A4_PROGRESSIVE,single_request,24,0,0.0,0.0,0.13798057582897535,1,0
8/4/1,1,VEHICLE_MOUNTED,COMBINED_DEGRADED,MT1_TIME_SENSITIVE_CUEING,A5_CONTACT_AWARE,single_request,24,0,0.0,0.0,0.13798057582897535,1,0
8/4/1,1,VEHICLE_MOUNTED,COMBINED_DEGRADED,MT1_TIME_SENSITIVE_CUEING,A6_THREAD_AWARE_PRIORITY,single_request,24,0,0.0,0.0,0.13798057582897535,1,0
8/4/1,1,VEHICLE_MOUNTED,COMBINED_DEGRADED,MT2_ROUTE_RECON_FIRST,A0_GROUND_ONLY,single_request,24,0,0.0,0.0,0.13798057582897535,2,0
8/4/1,1,VEHICLE_MOUNTED,COMBINED_DEGRADED,MT2_ROUTE_RECON_FIRST,A1_COMPRESSED_FULL,single_request,24,0,0.0,0.0,0.13798057582897535,1,0
8/4/1,1,VEHICLE_MOUNTED,COMBINED_DEGRADED,MT2_ROUTE_RECON_FIRST,A2_QUICKLOOK_FIRST,single_request,24,0,0.0,0.0,0.13798057582897535,2,0
8/4/1,1,VEHICLE_MOUNTED,COMBINED_DEGRADED,MT2_ROUTE_RECON_FIRST,A3_ROI_FIRST,single_request,24,0,0.0,0.0,0.13798057582897535,1,0
8/4/1,1,VEHICLE_MOUNTED,COMBINED_DEGRADED,MT2_ROUTE_RECON_FIRST,A4_PROGRESSIVE,single_request,24,0,0.0,0.0,0.13798057582897535,1,0
8/4/1,1,VEHICLE_MOUNTED,COMBINED_DEGRADED,MT2_ROUTE_RECON_FIRST,A5_CONTACT_AWARE,single_request,24,0,0.0,0.0,0.13798057582897535,1,0
8/4/1,1,VEHICLE_MOUNTED,COMBINED_DEGRADED,MT2_ROUTE_RECON_FIRST,A6_THREAD_AWARE_PRIORITY,single_request,24,0,0.0,0.0,0.13798057582897535,1,0
8/4/1,1,VEHICLE_MOUNTED,COMBINED_DEGRADED,MT3_BATTLE_DAMAGE_ASSESSMENT,A0_GROUND_ONLY,single_request,24,0,0.0,0.0,0.13798057582897535,2,0
8/4/1,1,VEHICLE_MOUNTED,COMBINED_DEGRADED,MT3_BATTLE_DAMAGE_ASSESSMENT,A1_COMPRESSED_FULL,single_request,24,2,0.08333333333333333,0.023158327842973503,0.258492152014506,0,0
8/4/1,1,VEHICLE_MOUNTED,COMBINED_DEGRADED,MT3_BATTLE_DAMAGE_ASSESSMENT,A2_QUICKLOOK_FIRST,single_request,24,0,0.0,0.0,0.13798057582897535,2,0
8/4/1,1,VEHICLE_MOUNTED,COMBINED_DEGRADED,MT3_BATTLE_DAMAGE_ASSESSMENT,A3_ROI_FIRST,single_request,24,2,0.08333333333333333,0.023158327842973503,0.258492152014506,0,0
8/4/1,1,VEHICLE_MOUNTED,COMBINED_DEGRADED,MT3_BATTLE_DAMAGE_ASSESSMENT,A4_PROGRESSIVE,single_request,24,2,0.08333333333333333,0.023158327842973503,0.258492152014506,0,0
8/4/1,1,VEHICLE_MOUNTED,COMBINED_DEGRADED,MT3_BATTLE_DAMAGE_ASSESSMENT,A5_CONTACT_AWARE,single_request,24,2,0.08333333333333333,0.023158327842973503,0.258492152014506,0,0
8/4/1,1,VEHICLE_MOUNTED,COMBINED_DEGRADED,MT3_BATTLE_DAMAGE_ASSESSMENT,A6_THREAD_AWARE_PRIORITY,single_request,24,2,0.08333333333333333,0.023158327842973503,0.258492152014506,0,0
8/4/1,1,VEHICLE_MOUNTED,COMBINED_DEGRADED,MT4_PERSISTENT_MONITORING,A0_GROUND_ONLY,independent_opportunities,6,0,0.0,0.0,0.3903430336530645,,
8/4/1,1,VEHICLE_MOUNTED,COMBINED_DEGRADED,MT4_PERSISTENT_MONITORING,A1_COMPRESSED_FULL,independent_opportunities,6,0,0.0,0.0,0.3903430336530645,,
8/4/1,1,VEHICLE_MOUNTED,COMBINED_DEGRADED,MT4_PERSISTENT_MONITORING,A2_QUICKLOOK_FIRST,independent_opportunities,6,0,0.0,0.0,0.3903430336530645,,
8/4/1,1,VEHICLE_MOUNTED,COMBINED_DEGRADED,MT4_PERSISTENT_MONITORING,A3_ROI_FIRST,independent_opportunities,6,0,0.0,0.0,0.3903430336530645,,
8/4/1,1,VEHICLE_MOUNTED,COMBINED_DEGRADED,MT4_PERSISTENT_MONITORING,A4_PROGRESSIVE,independent_opportunities,6,0,0.0,0.0,0.3903430336530645,,
8/4/1,1,VEHICLE_MOUNTED,COMBINED_DEGRADED,MT4_PERSISTENT_MONITORING,A5_CONTACT_AWARE,independent_opportunities,6,0,0.0,0.0,0.3903430336530645,,
8/4/1,1,VEHICLE_MOUNTED,COMBINED_DEGRADED,MT4_PERSISTENT_MONITORING,A6_THREAD_AWARE_PRIORITY,independent_opportunities,6,0,0.0,0.0,0.3903430336530645,,
8/4/1,1,VEHICLE_MOUNTED,NOMINAL,MT1_TIME_SENSITIVE_CUEING,A0_GROUND_ONLY,single_request,24,0,0.0,0.0,0.13798057582897535,0,0
8/4/1,1,VEHICLE_MOUNTED,NOMINAL,MT1_TIME_SENSITIVE_CUEING,A1_COMPRESSED_FULL,single_request,24,0,0.0,0.0,0.13798057582897535,0,0
8/4/1,1,VEHICLE_MOUNTED,NOMINAL,MT1_TIME_SENSITIVE_CUEING,A2_QUICKLOOK_FIRST,single_request,24,0,0.0,0.0,0.13798057582897535,0,0
8/4/1,1,VEHICLE_MOUNTED,NOMINAL,MT1_TIME_SENSITIVE_CUEING,A3_ROI_FIRST,single_request,24,0,0.0,0.0,0.13798057582897535,0,0
8/4/1,1,VEHICLE_MOUNTED,NOMINAL,MT1_TIME_SENSITIVE_CUEING,A4_PROGRESSIVE,single_request,24,0,0.0,0.0,0.13798057582897535,0,0
8/4/1,1,VEHICLE_MOUNTED,NOMINAL,MT1_TIME_SENSITIVE_CUEING,A5_CONTACT_AWARE,single_request,24,0,0.0,0.0,0.13798057582897535,0,0
8/4/1,1,VEHICLE_MOUNTED,NOMINAL,MT1_TIME_SENSITIVE_CUEING,A6_THREAD_AWARE_PRIORITY,single_request,24,0,0.0,0.0,0.13798057582897535,0,0
8/4/1,1,VEHICLE_MOUNTED,NOMINAL,MT2_ROUTE_RECON_FIRST,A0_GROUND_ONLY,single_request,24,3,0.125,0.04344255039315584,0.3100428814785757,1,0
8/4/1,1,VEHICLE_MOUNTED,NOMINAL,MT2_ROUTE_RECON_FIRST,A1_COMPRESSED_FULL,single_request,24,4,0.16666666666666666,0.06678568000728924,0.3585347038786943,0,0
8/4/1,1,VEHICLE_MOUNTED,NOMINAL,MT2_ROUTE_RECON_FIRST,A2_QUICKLOOK_FIRST,single_request,24,3,0.125,0.04344255039315584,0.3100428814785757,1,0
8/4/1,1,VEHICLE_MOUNTED,NOMINAL,MT2_ROUTE_RECON_FIRST,A3_ROI_FIRST,single_request,24,4,0.16666666666666666,0.06678568000728924,0.3585347038786943,0,0
8/4/1,1,VEHICLE_MOUNTED,NOMINAL,MT2_ROUTE_RECON_FIRST,A4_PROGRESSIVE,single_request,24,4,0.16666666666666666,0.06678568000728924,0.3585347038786943,0,0
8/4/1,1,VEHICLE_MOUNTED,NOMINAL,MT2_ROUTE_RECON_FIRST,A5_CONTACT_AWARE,single_request,24,4,0.16666666666666666,0.06678568000728924,0.3585347038786943,0,0
8/4/1,1,VEHICLE_MOUNTED,NOMINAL,MT2_ROUTE_RECON_FIRST,A6_THREAD_AWARE_PRIORITY,single_request,24,4,0.16666666666666666,0.06678568000728924,0.3585347038786943,0,0
8/4/1,1,VEHICLE_MOUNTED,NOMINAL,MT3_BATTLE_DAMAGE_ASSESSMENT,A0_GROUND_ONLY,single_request,24,0,0.0,0.0,0.13798057582897535,2,0
8/4/1,1,VEHICLE_MOUNTED,NOMINAL,MT3_BATTLE_DAMAGE_ASSESSMENT,A1_COMPRESSED_FULL,single_request,24,0,0.0,0.0,0.13798057582897535,0,0
8/4/1,1,VEHICLE_MOUNTED,NOMINAL,MT3_BATTLE_DAMAGE_ASSESSMENT,A2_QUICKLOOK_FIRST,single_request,24,0,0.0,0.0,0.13798057582897535,2,0
8/4/1,1,VEHICLE_MOUNTED,NOMINAL,MT3_BATTLE_DAMAGE_ASSESSMENT,A3_ROI_FIRST,single_request,24,1,0.041666666666666664,0.007393265354805126,0.20242226248842232,0,0
8/4/1,1,VEHICLE_MOUNTED,NOMINAL,MT3_BATTLE_DAMAGE_ASSESSMENT,A4_PROGRESSIVE,single_request,24,1,0.041666666666666664,0.007393265354805126,0.20242226248842232,0,0
8/4/1,1,VEHICLE_MOUNTED,NOMINAL,MT3_BATTLE_DAMAGE_ASSESSMENT,A5_CONTACT_AWARE,single_request,24,0,0.0,0.0,0.13798057582897535,0,0
8/4/1,1,VEHICLE_MOUNTED,NOMINAL,MT3_BATTLE_DAMAGE_ASSESSMENT,A6_THREAD_AWARE_PRIORITY,single_request,24,1,0.041666666666666664,0.007393265354805126,0.20242226248842232,0,0
8/4/1,1,VEHICLE_MOUNTED,NOMINAL,MT4_PERSISTENT_MONITORING,A0_GROUND_ONLY,independent_opportunities,1,0,0.0,,,,
8/4/1,1,VEHICLE_MOUNTED,NOMINAL,MT4_PERSISTENT_MONITORING,A1_COMPRESSED_FULL,independent_opportunities,1,0,0.0,,,,
8/4/1,1,VEHICLE_MOUNTED,NOMINAL,MT4_PERSISTENT_MONITORING,A2_QUICKLOOK_FIRST,independent_opportunities,1,0,0.0,,,,
8/4/1,1,VEHICLE_MOUNTED,NOMINAL,MT4_PERSISTENT_MONITORING,A3_ROI_FIRST,independent_opportunities,1,0,0.0,,,,
8/4/1,1,VEHICLE_MOUNTED,NOMINAL,MT4_PERSISTENT_MONITORING,A4_PROGRESSIVE,independent_opportunities,1,1,1.0,,,,
8/4/1,1,VEHICLE_MOUNTED,NOMINAL,MT4_PERSISTENT_MONITORING,A5_CONTACT_AWARE,independent_opportunities,1,0,0.0,,,,
8/4/1,1,VEHICLE_MOUNTED,NOMINAL,MT4_PERSISTENT_MONITORING,A6_THREAD_AWARE_PRIORITY,independent_opportunities,1,1,1.0,,,,
8/4/1,4,DISMOUNTED_MANPACK,COMBINED_DEGRADED,MT1_TIME_SENSITIVE_CUEING,A0_GROUND_ONLY,single_request,24,0,0.0,0.0,0.13798057582897535,14,0
8/4/1,4,DISMOUNTED_MANPACK,COMBINED_DEGRADED,MT1_TIME_SENSITIVE_CUEING,A1_COMPRESSED_FULL,single_request,24,0,0.0,0.0,0.13798057582897535,5,0
8/4/1,4,DISMOUNTED_MANPACK,COMBINED_DEGRADED,MT1_TIME_SENSITIVE_CUEING,A2_QUICKLOOK_FIRST,single_request,24,0,0.0,0.0,0.13798057582897535,1,0
8/4/1,4,DISMOUNTED_MANPACK,COMBINED_DEGRADED,MT1_TIME_SENSITIVE_CUEING,A3_ROI_FIRST,single_request,24,0,0.0,0.0,0.13798057582897535,17,0
8/4/1,4,DISMOUNTED_MANPACK,COMBINED_DEGRADED,MT1_TIME_SENSITIVE_CUEING,A4_PROGRESSIVE,single_request,24,0,0.0,0.0,0.13798057582897535,1,0
8/4/1,4,DISMOUNTED_MANPACK,COMBINED_DEGRADED,MT1_TIME_SENSITIVE_CUEING,A5_CONTACT_AWARE,single_request,24,0,0.0,0.0,0.13798057582897535,14,0
8/4/1,4,DISMOUNTED_MANPACK,COMBINED_DEGRADED,MT1_TIME_SENSITIVE_CUEING,A6_THREAD_AWARE_PRIORITY,single_request,24,0,0.0,0.0,0.13798057582897535,1,0
8/4/1,4,DISMOUNTED_MANPACK,COMBINED_DEGRADED,MT2_ROUTE_RECON_FIRST,A0_GROUND_ONLY,single_request,24,0,0.0,0.0,0.13798057582897535,19,0
8/4/1,4,DISMOUNTED_MANPACK,COMBINED_DEGRADED,MT2_ROUTE_RECON_FIRST,A1_COMPRESSED_FULL,single_request,24,0,0.0,0.0,0.13798057582897535,6,0
8/4/1,4,DISMOUNTED_MANPACK,COMBINED_DEGRADED,MT2_ROUTE_RECON_FIRST,A2_QUICKLOOK_FIRST,single_request,24,0,0.0,0.0,0.13798057582897535,19,0
8/4/1,4,DISMOUNTED_MANPACK,COMBINED_DEGRADED,MT2_ROUTE_RECON_FIRST,A3_ROI_FIRST,single_request,24,2,0.08333333333333333,0.023158327842973503,0.258492152014506,0,0
8/4/1,4,DISMOUNTED_MANPACK,COMBINED_DEGRADED,MT2_ROUTE_RECON_FIRST,A4_PROGRESSIVE,single_request,24,0,0.0,0.0,0.13798057582897535,0,0
8/4/1,4,DISMOUNTED_MANPACK,COMBINED_DEGRADED,MT2_ROUTE_RECON_FIRST,A5_CONTACT_AWARE,single_request,24,0,0.0,0.0,0.13798057582897535,19,0
8/4/1,4,DISMOUNTED_MANPACK,COMBINED_DEGRADED,MT2_ROUTE_RECON_FIRST,A6_THREAD_AWARE_PRIORITY,single_request,24,2,0.08333333333333333,0.023158327842973503,0.258492152014506,0,0
8/4/1,4,DISMOUNTED_MANPACK,COMBINED_DEGRADED,MT3_BATTLE_DAMAGE_ASSESSMENT,A0_GROUND_ONLY,single_request,24,0,0.0,0.0,0.13798057582897535,15,0
8/4/1,4,DISMOUNTED_MANPACK,COMBINED_DEGRADED,MT3_BATTLE_DAMAGE_ASSESSMENT,A1_COMPRESSED_FULL,single_request,24,0,0.0,0.0,0.13798057582897535,4,0
8/4/1,4,DISMOUNTED_MANPACK,COMBINED_DEGRADED,MT3_BATTLE_DAMAGE_ASSESSMENT,A2_QUICKLOOK_FIRST,single_request,24,0,0.0,0.0,0.13798057582897535,16,0
8/4/1,4,DISMOUNTED_MANPACK,COMBINED_DEGRADED,MT3_BATTLE_DAMAGE_ASSESSMENT,A3_ROI_FIRST,single_request,24,1,0.041666666666666664,0.007393265354805126,0.20242226248842232,0,0
8/4/1,4,DISMOUNTED_MANPACK,COMBINED_DEGRADED,MT3_BATTLE_DAMAGE_ASSESSMENT,A4_PROGRESSIVE,single_request,24,1,0.041666666666666664,0.007393265354805126,0.20242226248842232,1,0
8/4/1,4,DISMOUNTED_MANPACK,COMBINED_DEGRADED,MT3_BATTLE_DAMAGE_ASSESSMENT,A5_CONTACT_AWARE,single_request,24,0,0.0,0.0,0.13798057582897535,15,0
8/4/1,4,DISMOUNTED_MANPACK,COMBINED_DEGRADED,MT3_BATTLE_DAMAGE_ASSESSMENT,A6_THREAD_AWARE_PRIORITY,single_request,24,1,0.041666666666666664,0.007393265354805126,0.20242226248842232,0,0
8/4/1,4,DISMOUNTED_MANPACK,COMBINED_DEGRADED,MT4_PERSISTENT_MONITORING,A0_GROUND_ONLY,independent_opportunities,6,0,0.0,0.0,0.3903430336530645,,
8/4/1,4,DISMOUNTED_MANPACK,COMBINED_DEGRADED,MT4_PERSISTENT_MONITORING,A1_COMPRESSED_FULL,independent_opportunities,6,0,0.0,0.0,0.3903430336530645,,
8/4/1,4,DISMOUNTED_MANPACK,COMBINED_DEGRADED,MT4_PERSISTENT_MONITORING,A2_QUICKLOOK_FIRST,independent_opportunities,6,0,0.0,0.0,0.3903430336530645,,
8/4/1,4,DISMOUNTED_MANPACK,COMBINED_DEGRADED,MT4_PERSISTENT_MONITORING,A3_ROI_FIRST,independent_opportunities,6,0,0.0,0.0,0.3903430336530645,,
8/4/1,4,DISMOUNTED_MANPACK,COMBINED_DEGRADED,MT4_PERSISTENT_MONITORING,A4_PROGRESSIVE,independent_opportunities,6,0,0.0,0.0,0.3903430336530645,,
8/4/1,4,DISMOUNTED_MANPACK,COMBINED_DEGRADED,MT4_PERSISTENT_MONITORING,A5_CONTACT_AWARE,independent_opportunities,6,0,0.0,0.0,0.3903430336530645,,
8/4/1,4,DISMOUNTED_MANPACK,COMBINED_DEGRADED,MT4_PERSISTENT_MONITORING,A6_THREAD_AWARE_PRIORITY,independent_opportunities,6,0,0.0,0.0,0.3903430336530645,,
8/4/1,4,DISMOUNTED_MANPACK,NOMINAL,MT1_TIME_SENSITIVE_CUEING,A0_GROUND_ONLY,single_request,24,0,0.0,0.0,0.13798057582897535,6,0
8/4/1,4,DISMOUNTED_MANPACK,NOMINAL,MT1_TIME_SENSITIVE_CUEING,A1_COMPRESSED_FULL,single_request,24,0,0.0,0.0,0.13798057582897535,2,0
8/4/1,4,DISMOUNTED_MANPACK,NOMINAL,MT1_TIME_SENSITIVE_CUEING,A2_QUICKLOOK_FIRST,single_request,24,1,0.041666666666666664,0.007393265354805126,0.20242226248842232,0,0
8/4/1,4,DISMOUNTED_MANPACK,NOMINAL,MT1_TIME_SENSITIVE_CUEING,A3_ROI_FIRST,single_request,24,0,0.0,0.0,0.13798057582897535,6,0
8/4/1,4,DISMOUNTED_MANPACK,NOMINAL,MT1_TIME_SENSITIVE_CUEING,A4_PROGRESSIVE,single_request,24,0,0.0,0.0,0.13798057582897535,0,0
8/4/1,4,DISMOUNTED_MANPACK,NOMINAL,MT1_TIME_SENSITIVE_CUEING,A5_CONTACT_AWARE,single_request,24,0,0.0,0.0,0.13798057582897535,2,0
8/4/1,4,DISMOUNTED_MANPACK,NOMINAL,MT1_TIME_SENSITIVE_CUEING,A6_THREAD_AWARE_PRIORITY,single_request,24,0,0.0,0.0,0.13798057582897535,0,0
8/4/1,4,DISMOUNTED_MANPACK,NOMINAL,MT2_ROUTE_RECON_FIRST,A0_GROUND_ONLY,single_request,24,0,0.0,0.0,0.13798057582897535,5,0
8/4/1,4,DISMOUNTED_MANPACK,NOMINAL,MT2_ROUTE_RECON_FIRST,A1_COMPRESSED_FULL,single_request,24,0,0.0,0.0,0.13798057582897535,0,0
8/4/1,4,DISMOUNTED_MANPACK,NOMINAL,MT2_ROUTE_RECON_FIRST,A2_QUICKLOOK_FIRST,single_request,24,0,0.0,0.0,0.13798057582897535,5,0
8/4/1,4,DISMOUNTED_MANPACK,NOMINAL,MT2_ROUTE_RECON_FIRST,A3_ROI_FIRST,single_request,24,5,0.20833333333333334,0.0924468910478809,0.40470844485235474,0,0
8/4/1,4,DISMOUNTED_MANPACK,NOMINAL,MT2_ROUTE_RECON_FIRST,A4_PROGRESSIVE,single_request,24,5,0.20833333333333334,0.0924468910478809,0.40470844485235474,0,0
8/4/1,4,DISMOUNTED_MANPACK,NOMINAL,MT2_ROUTE_RECON_FIRST,A5_CONTACT_AWARE,single_request,24,0,0.0,0.0,0.13798057582897535,0,0
8/4/1,4,DISMOUNTED_MANPACK,NOMINAL,MT2_ROUTE_RECON_FIRST,A6_THREAD_AWARE_PRIORITY,single_request,24,5,0.20833333333333334,0.0924468910478809,0.40470844485235474,0,0
8/4/1,4,DISMOUNTED_MANPACK,NOMINAL,MT3_BATTLE_DAMAGE_ASSESSMENT,A0_GROUND_ONLY,single_request,24,0,0.0,0.0,0.13798057582897535,3,0
8/4/1,4,DISMOUNTED_MANPACK,NOMINAL,MT3_BATTLE_DAMAGE_ASSESSMENT,A1_COMPRESSED_FULL,single_request,24,0,0.0,0.0,0.13798057582897535,0,0
8/4/1,4,DISMOUNTED_MANPACK,NOMINAL,MT3_BATTLE_DAMAGE_ASSESSMENT,A2_QUICKLOOK_FIRST,single_request,24,0,0.0,0.0,0.13798057582897535,3,0
8/4/1,4,DISMOUNTED_MANPACK,NOMINAL,MT3_BATTLE_DAMAGE_ASSESSMENT,A3_ROI_FIRST,single_request,24,4,0.16666666666666666,0.06678568000728924,0.3585347038786943,0,0
8/4/1,4,DISMOUNTED_MANPACK,NOMINAL,MT3_BATTLE_DAMAGE_ASSESSMENT,A4_PROGRESSIVE,single_request,24,4,0.16666666666666666,0.06678568000728924,0.3585347038786943,0,0
8/4/1,4,DISMOUNTED_MANPACK,NOMINAL,MT3_BATTLE_DAMAGE_ASSESSMENT,A5_CONTACT_AWARE,single_request,24,0,0.0,0.0,0.13798057582897535,0,0
8/4/1,4,DISMOUNTED_MANPACK,NOMINAL,MT3_BATTLE_DAMAGE_ASSESSMENT,A6_THREAD_AWARE_PRIORITY,single_request,24,4,0.16666666666666666,0.06678568000728924,0.3585347038786943,0,0
8/4/1,4,DISMOUNTED_MANPACK,NOMINAL,MT4_PERSISTENT_MONITORING,A0_GROUND_ONLY,independent_opportunities,1,0,0.0,,,,
8/4/1,4,DISMOUNTED_MANPACK,NOMINAL,MT4_PERSISTENT_MONITORING,A1_COMPRESSED_FULL,independent_opportunities,1,0,0.0,,,,
8/4/1,4,DISMOUNTED_MANPACK,NOMINAL,MT4_PERSISTENT_MONITORING,A2_QUICKLOOK_FIRST,independent_opportunities,1,0,0.0,,,,
8/4/1,4,DISMOUNTED_MANPACK,NOMINAL,MT4_PERSISTENT_MONITORING,A3_ROI_FIRST,independent_opportunities,1,0,0.0,,,,
8/4/1,4,DISMOUNTED_MANPACK,NOMINAL,MT4_PERSISTENT_MONITORING,A4_PROGRESSIVE,independent_opportunities,1,1,1.0,,,,
8/4/1,4,DISMOUNTED_MANPACK,NOMINAL,MT4_PERSISTENT_MONITORING,A5_CONTACT_AWARE,independent_opportunities,1,0,0.0,,,,
8/4/1,4,DISMOUNTED_MANPACK,NOMINAL,MT4_PERSISTENT_MONITORING,A6_THREAD_AWARE_PRIORITY,independent_opportunities,1,1,1.0,,,,
8/4/1,4,VEHICLE_MOUNTED,COMBINED_DEGRADED,MT1_TIME_SENSITIVE_CUEING,A0_GROUND_ONLY,single_request,24,0,0.0,0.0,0.13798057582897535,1,0
8/4/1,4,VEHICLE_MOUNTED,COMBINED_DEGRADED,MT1_TIME_SENSITIVE_CUEING,A1_COMPRESSED_FULL,single_request,24,0,0.0,0.0,0.13798057582897535,1,0
8/4/1,4,VEHICLE_MOUNTED,COMBINED_DEGRADED,MT1_TIME_SENSITIVE_CUEING,A2_QUICKLOOK_FIRST,single_request,24,0,0.0,0.0,0.13798057582897535,1,0
8/4/1,4,VEHICLE_MOUNTED,COMBINED_DEGRADED,MT1_TIME_SENSITIVE_CUEING,A3_ROI_FIRST,single_request,24,0,0.0,0.0,0.13798057582897535,1,0
8/4/1,4,VEHICLE_MOUNTED,COMBINED_DEGRADED,MT1_TIME_SENSITIVE_CUEING,A4_PROGRESSIVE,single_request,24,0,0.0,0.0,0.13798057582897535,1,0
8/4/1,4,VEHICLE_MOUNTED,COMBINED_DEGRADED,MT1_TIME_SENSITIVE_CUEING,A5_CONTACT_AWARE,single_request,24,0,0.0,0.0,0.13798057582897535,1,0
8/4/1,4,VEHICLE_MOUNTED,COMBINED_DEGRADED,MT1_TIME_SENSITIVE_CUEING,A6_THREAD_AWARE_PRIORITY,single_request,24,0,0.0,0.0,0.13798057582897535,1,0
8/4/1,4,VEHICLE_MOUNTED,COMBINED_DEGRADED,MT2_ROUTE_RECON_FIRST,A0_GROUND_ONLY,single_request,24,0,0.0,0.0,0.13798057582897535,0,0
8/4/1,4,VEHICLE_MOUNTED,COMBINED_DEGRADED,MT2_ROUTE_RECON_FIRST,A1_COMPRESSED_FULL,single_request,24,1,0.041666666666666664,0.007393265354805126,0.20242226248842232,0,0
8/4/1,4,VEHICLE_MOUNTED,COMBINED_DEGRADED,MT2_ROUTE_RECON_FIRST,A2_QUICKLOOK_FIRST,single_request,24,0,0.0,0.0,0.13798057582897535,0,0
8/4/1,4,VEHICLE_MOUNTED,COMBINED_DEGRADED,MT2_ROUTE_RECON_FIRST,A3_ROI_FIRST,single_request,24,1,0.041666666666666664,0.007393265354805126,0.20242226248842232,0,0
8/4/1,4,VEHICLE_MOUNTED,COMBINED_DEGRADED,MT2_ROUTE_RECON_FIRST,A4_PROGRESSIVE,single_request,24,1,0.041666666666666664,0.007393265354805126,0.20242226248842232,0,0
8/4/1,4,VEHICLE_MOUNTED,COMBINED_DEGRADED,MT2_ROUTE_RECON_FIRST,A5_CONTACT_AWARE,single_request,24,1,0.041666666666666664,0.007393265354805126,0.20242226248842232,0,0
8/4/1,4,VEHICLE_MOUNTED,COMBINED_DEGRADED,MT2_ROUTE_RECON_FIRST,A6_THREAD_AWARE_PRIORITY,single_request,24,1,0.041666666666666664,0.007393265354805126,0.20242226248842232,0,0
8/4/1,4,VEHICLE_MOUNTED,COMBINED_DEGRADED,MT3_BATTLE_DAMAGE_ASSESSMENT,A0_GROUND_ONLY,single_request,24,0,0.0,0.0,0.13798057582897535,1,0
8/4/1,4,VEHICLE_MOUNTED,COMBINED_DEGRADED,MT3_BATTLE_DAMAGE_ASSESSMENT,A1_COMPRESSED_FULL,single_request,24,1,0.041666666666666664,0.007393265354805126,0.20242226248842232,1,0
8/4/1,4,VEHICLE_MOUNTED,COMBINED_DEGRADED,MT3_BATTLE_DAMAGE_ASSESSMENT,A2_QUICKLOOK_FIRST,single_request,24,0,0.0,0.0,0.13798057582897535,1,0
8/4/1,4,VEHICLE_MOUNTED,COMBINED_DEGRADED,MT3_BATTLE_DAMAGE_ASSESSMENT,A3_ROI_FIRST,single_request,24,1,0.041666666666666664,0.007393265354805126,0.20242226248842232,1,0
8/4/1,4,VEHICLE_MOUNTED,COMBINED_DEGRADED,MT3_BATTLE_DAMAGE_ASSESSMENT,A4_PROGRESSIVE,single_request,24,1,0.041666666666666664,0.007393265354805126,0.20242226248842232,1,0
8/4/1,4,VEHICLE_MOUNTED,COMBINED_DEGRADED,MT3_BATTLE_DAMAGE_ASSESSMENT,A5_CONTACT_AWARE,single_request,24,1,0.041666666666666664,0.007393265354805126,0.20242226248842232,1,0
8/4/1,4,VEHICLE_MOUNTED,COMBINED_DEGRADED,MT3_BATTLE_DAMAGE_ASSESSMENT,A6_THREAD_AWARE_PRIORITY,single_request,24,1,0.041666666666666664,0.007393265354805126,0.20242226248842232,1,0
8/4/1,4,VEHICLE_MOUNTED,COMBINED_DEGRADED,MT4_PERSISTENT_MONITORING,A0_GROUND_ONLY,independent_opportunities,6,0,0.0,0.0,0.3903430336530645,,
8/4/1,4,VEHICLE_MOUNTED,COMBINED_DEGRADED,MT4_PERSISTENT_MONITORING,A1_COMPRESSED_FULL,independent_opportunities,6,0,0.0,0.0,0.3903430336530645,,
8/4/1,4,VEHICLE_MOUNTED,COMBINED_DEGRADED,MT4_PERSISTENT_MONITORING,A2_QUICKLOOK_FIRST,independent_opportunities,6,0,0.0,0.0,0.3903430336530645,,
8/4/1,4,VEHICLE_MOUNTED,COMBINED_DEGRADED,MT4_PERSISTENT_MONITORING,A3_ROI_FIRST,independent_opportunities,6,0,0.0,0.0,0.3903430336530645,,
8/4/1,4,VEHICLE_MOUNTED,COMBINED_DEGRADED,MT4_PERSISTENT_MONITORING,A4_PROGRESSIVE,independent_opportunities,6,0,0.0,0.0,0.3903430336530645,,
8/4/1,4,VEHICLE_MOUNTED,COMBINED_DEGRADED,MT4_PERSISTENT_MONITORING,A5_CONTACT_AWARE,independent_opportunities,6,0,0.0,0.0,0.3903430336530645,,
8/4/1,4,VEHICLE_MOUNTED,COMBINED_DEGRADED,MT4_PERSISTENT_MONITORING,A6_THREAD_AWARE_PRIORITY,independent_opportunities,6,0,0.0,0.0,0.3903430336530645,,
8/4/1,4,VEHICLE_MOUNTED,NOMINAL,MT1_TIME_SENSITIVE_CUEING,A0_GROUND_ONLY,single_request,24,0,0.0,0.0,0.13798057582897535,0,0
8/4/1,4,VEHICLE_MOUNTED,NOMINAL,MT1_TIME_SENSITIVE_CUEING,A1_COMPRESSED_FULL,single_request,24,0,0.0,0.0,0.13798057582897535,0,0
8/4/1,4,VEHICLE_MOUNTED,NOMINAL,MT1_TIME_SENSITIVE_CUEING,A2_QUICKLOOK_FIRST,single_request,24,0,0.0,0.0,0.13798057582897535,0,0
8/4/1,4,VEHICLE_MOUNTED,NOMINAL,MT1_TIME_SENSITIVE_CUEING,A3_ROI_FIRST,single_request,24,0,0.0,0.0,0.13798057582897535,0,0
8/4/1,4,VEHICLE_MOUNTED,NOMINAL,MT1_TIME_SENSITIVE_CUEING,A4_PROGRESSIVE,single_request,24,0,0.0,0.0,0.13798057582897535,0,0
8/4/1,4,VEHICLE_MOUNTED,NOMINAL,MT1_TIME_SENSITIVE_CUEING,A5_CONTACT_AWARE,single_request,24,0,0.0,0.0,0.13798057582897535,0,0
8/4/1,4,VEHICLE_MOUNTED,NOMINAL,MT1_TIME_SENSITIVE_CUEING,A6_THREAD_AWARE_PRIORITY,single_request,24,0,0.0,0.0,0.13798057582897535,0,0
8/4/1,4,VEHICLE_MOUNTED,NOMINAL,MT2_ROUTE_RECON_FIRST,A0_GROUND_ONLY,single_request,24,4,0.16666666666666666,0.06678568000728924,0.3585347038786943,0,0
8/4/1,4,VEHICLE_MOUNTED,NOMINAL,MT2_ROUTE_RECON_FIRST,A1_COMPRESSED_FULL,single_request,24,4,0.16666666666666666,0.06678568000728924,0.3585347038786943,0,0
8/4/1,4,VEHICLE_MOUNTED,NOMINAL,MT2_ROUTE_RECON_FIRST,A2_QUICKLOOK_FIRST,single_request,24,4,0.16666666666666666,0.06678568000728924,0.3585347038786943,0,0
8/4/1,4,VEHICLE_MOUNTED,NOMINAL,MT2_ROUTE_RECON_FIRST,A3_ROI_FIRST,single_request,24,5,0.20833333333333334,0.0924468910478809,0.40470844485235474,0,0
8/4/1,4,VEHICLE_MOUNTED,NOMINAL,MT2_ROUTE_RECON_FIRST,A4_PROGRESSIVE,single_request,24,4,0.16666666666666666,0.06678568000728924,0.3585347038786943,0,0
8/4/1,4,VEHICLE_MOUNTED,NOMINAL,MT2_ROUTE_RECON_FIRST,A5_CONTACT_AWARE,single_request,24,4,0.16666666666666666,0.06678568000728924,0.3585347038786943,0,0
8/4/1,4,VEHICLE_MOUNTED,NOMINAL,MT2_ROUTE_RECON_FIRST,A6_THREAD_AWARE_PRIORITY,single_request,24,5,0.20833333333333334,0.0924468910478809,0.40470844485235474,0,0
8/4/1,4,VEHICLE_MOUNTED,NOMINAL,MT3_BATTLE_DAMAGE_ASSESSMENT,A0_GROUND_ONLY,single_request,24,2,0.08333333333333333,0.023158327842973503,0.258492152014506,0,0
8/4/1,4,VEHICLE_MOUNTED,NOMINAL,MT3_BATTLE_DAMAGE_ASSESSMENT,A1_COMPRESSED_FULL,single_request,24,2,0.08333333333333333,0.023158327842973503,0.258492152014506,0,0
8/4/1,4,VEHICLE_MOUNTED,NOMINAL,MT3_BATTLE_DAMAGE_ASSESSMENT,A2_QUICKLOOK_FIRST,single_request,24,2,0.08333333333333333,0.023158327842973503,0.258492152014506,0,0
8/4/1,4,VEHICLE_MOUNTED,NOMINAL,MT3_BATTLE_DAMAGE_ASSESSMENT,A3_ROI_FIRST,single_request,24,2,0.08333333333333333,0.023158327842973503,0.258492152014506,0,0
8/4/1,4,VEHICLE_MOUNTED,NOMINAL,MT3_BATTLE_DAMAGE_ASSESSMENT,A4_PROGRESSIVE,single_request,24,2,0.08333333333333333,0.023158327842973503,0.258492152014506,0,0
8/4/1,4,VEHICLE_MOUNTED,NOMINAL,MT3_BATTLE_DAMAGE_ASSESSMENT,A5_CONTACT_AWARE,single_request,24,2,0.08333333333333333,0.023158327842973503,0.258492152014506,0,0
8/4/1,4,VEHICLE_MOUNTED,NOMINAL,MT3_BATTLE_DAMAGE_ASSESSMENT,A6_THREAD_AWARE_PRIORITY,single_request,24,2,0.08333333333333333,0.023158327842973503,0.258492152014506,0,0
8/4/1,4,VEHICLE_MOUNTED,NOMINAL,MT4_PERSISTENT_MONITORING,A0_GROUND_ONLY,independent_opportunities,1,1,1.0,,,,
8/4/1,4,VEHICLE_MOUNTED,NOMINAL,MT4_PERSISTENT_MONITORING,A1_COMPRESSED_FULL,independent_opportunities,1,1,1.0,,,,
8/4/1,4,VEHICLE_MOUNTED,NOMINAL,MT4_PERSISTENT_MONITORING,A2_QUICKLOOK_FIRST,independent_opportunities,1,1,1.0,,,,
8/4/1,4,VEHICLE_MOUNTED,NOMINAL,MT4_PERSISTENT_MONITORING,A3_ROI_FIRST,independent_opportunities,1,1,1.0,,,,
8/4/1,4,VEHICLE_MOUNTED,NOMINAL,MT4_PERSISTENT_MONITORING,A4_PROGRESSIVE,independent_opportunities,1,1,1.0,,,,
8/4/1,4,VEHICLE_MOUNTED,NOMINAL,MT4_PERSISTENT_MONITORING,A5_CONTACT_AWARE,independent_opportunities,1,1,1.0,,,,
8/4/1,4,VEHICLE_MOUNTED,NOMINAL,MT4_PERSISTENT_MONITORING,A6_THREAD_AWARE_PRIORITY,independent_opportunities,1,1,1.0,,,,
